name,collection,severity,polygons,vertices,dimensions,location,material_count,materials,issues,recommendation
Mesh_0,Collection 5,2,50000,30538,2.27 x 1.173 x 0.318,"-6.39, 5.902, 0.004",1,Material.037,auto_import_name;high_poly_gt_10k;nonzero_rotation_transform;non_applied_scale,decimate_or_replace_for_mobile;rename_semantically;apply_transforms_before_export
Mesh_0.001,Collection 5,2,50000,29504,5.103 x 4.449 x 4.933,"8.693, 8.956, -0.061",1,Material.038,auto_import_name;high_poly_gt_10k;non_applied_scale,decimate_or_replace_for_mobile;rename_semantically;apply_transforms_before_export
Mesh_0.002,Collection 5,2,50000,29677,1.111 x 0.399 x 0.534,"4.748, 0.572, 0.8",1,Material.039,auto_import_name;high_poly_gt_10k;nonzero_rotation_transform,decimate_or_replace_for_mobile;rename_semantically;apply_transforms_before_export
Mesh_0.003,Collection 5,2,50000,33293,2.5 x 2.197 x 1.879,"8.107, -0.909, 0.131",1,Material.040,auto_import_name;high_poly_gt_10k;nonzero_rotation_transform;non_applied_scale,decimate_or_replace_for_mobile;rename_semantically;apply_transforms_before_export
Mesh_0.004,Collection 5,2,40164,28431,1.705 x 0.739 x 0.965,"-14.496, -5.19, 0.302",1,Material.041,auto_import_name;high_poly_gt_10k;nonzero_rotation_transform;non_applied_scale,decimate_or_replace_for_mobile;rename_semantically;apply_transforms_before_export
Mesh_0.005,Collection 5,2,33134,20792,2.397 x 0.67 x 4.24,"-0.651, -10.802, 0.04",1,Material.042,auto_import_name;high_poly_gt_10k;non_applied_scale,decimate_or_replace_for_mobile;rename_semantically;apply_transforms_before_export
Mesh_0.006,Collection 5,2,49966,33634,2.239 x 0.805 x 0.725,"10.495, 6.801, -0.02",1,Material.043,auto_import_name;high_poly_gt_10k;nonzero_rotation_transform;non_applied_scale,decimate_or_replace_for_mobile;rename_semantically;apply_transforms_before_export
Mesh_0.007,Collection 5,2,13511,8018,1.389 x 1.296 x 1.367,"0.239, -6.752, 0.13",1,Material.042,auto_import_name;high_poly_gt_10k;non_applied_scale,decimate_or_replace_for_mobile;rename_semantically;apply_transforms_before_export
Mesh_0.008,Collection 5,1,2962,2029,2.479 x 0.854 x 0.557,"13.042, -3.278, 0.01",1,Material.042,auto_import_name;medium_poly_gt_2k;nonzero_rotation_transform;non_applied_scale,rename_semantically;apply_transforms_before_export
Mesh_0.009,04_Stone_Ring_Road,2,50000,24998,1.508 x 0.882 x 0.739,"4.904, 0.467, 0.35",1,Material.058,auto_import_name;high_poly_gt_10k;nonzero_rotation_transform;non_applied_scale,decimate_or_replace_for_mobile;rename_semantically;apply_transforms_before_export
Mesh_0.010,Collection,3,50004,36643,4.816 x 0.236 x 4.858,"0.149, -0.212, 0.12",1,Material.066,auto_import_name;very_high_poly_gt_50k;non_applied_scale,decimate_or_replace_for_mobile;rename_semantically;apply_transforms_before_export
Mesh_0.011,04_Stone_Ring_Road,2,50000,24998,1.509 x 0.883 x 0.74,"-3.174, 7.02, 0.116",1,Material.060,auto_import_name;high_poly_gt_10k;nonzero_rotation_transform;non_applied_scale,decimate_or_replace_for_mobile;rename_semantically;apply_transforms_before_export
Mesh_0.014,04_Stone_Ring_Road,1,2962,2029,2.48 x 0.855 x 0.543,"13.495, -4.857, 0.035",1,Material.082,auto_import_name;medium_poly_gt_2k;nonzero_rotation_transform;non_applied_scale,rename_semantically;apply_transforms_before_export
Mesh_0.015,04_Stone_Ring_Road,1,2953,1999,1.554 x 0.854 x 0.302,"11.149, -4.542, -0.03",1,Material.083,auto_import_name;medium_poly_gt_2k;nonzero_rotation_transform;non_applied_scale,rename_semantically;apply_transforms_before_export
Mesh_0.016,04_Stone_Ring_Road,1,2953,1999,1.554 x 0.854 x 0.302,"11.253, -3.537, -0.03",1,Material.084,auto_import_name;medium_poly_gt_2k;nonzero_rotation_transform;non_applied_scale,rename_semantically;apply_transforms_before_export
Mesh_0.017,04_Stone_Ring_Road,1,2953,1999,1.554 x 0.854 x 0.302,"11.463, -2.642, -0.03",1,Material.086,auto_import_name;medium_poly_gt_2k;nonzero_rotation_transform;non_applied_scale,rename_semantically;apply_transforms_before_export
node_0.001,Collection 5,2,36372,25776,1.837 x 1.36 x 0.899,"-10.836, 3.601, 0.196",1,Material.031,auto_import_name;high_poly_gt_10k;nonzero_rotation_transform;non_applied_scale,decimate_or_replace_for_mobile;rename_semantically;apply_transforms_before_export
node_0.002,Scene Collection,2,20943,12191,1.994 x 0.941 x 0.312,"-17.894, -1.752, 0.364",1,Material.025,auto_import_name;high_poly_gt_10k;nonzero_rotation_transform;non_applied_scale,decimate_or_replace_for_mobile;rename_semantically;apply_transforms_before_export
node_0.005,Collection 5,2,50000,30056,3.183 x 2.02 x 2.643,"2.567, -7.353, 0.054",1,Material.035,auto_import_name;high_poly_gt_10k;non_applied_scale,decimate_or_replace_for_mobile;rename_semantically;apply_transforms_before_export
node_0.006,Collection 5,2,19553,11595,3.141 x 2.07 x 0.927,"10.942, -9.986, 0.052",1,Material.050,auto_import_name;high_poly_gt_10k;non_applied_scale,decimate_or_replace_for_mobile;rename_semantically;apply_transforms_before_export
node_0.007,Collection 5,2,49872,37943,7.518 x 5.286 x 4.799,"0.465, 11.455, -0.005",1,Material.044,auto_import_name;high_poly_gt_10k;non_applied_scale,decimate_or_replace_for_mobile;rename_semantically;apply_transforms_before_export
node_0.008,Collection 5,2,50000,38501,6.179 x 6.172 x 5.302,"-12.466, -3.76, 0.382",1,Material.045,auto_import_name;high_poly_gt_10k;non_applied_scale,decimate_or_replace_for_mobile;rename_semantically;apply_transforms_before_export
node_0.009,Collection 5,2,50000,35108,12.982 x 6.494 x 3.173,"-0.895, -14.449, -0.029",1,Material.046,auto_import_name;high_poly_gt_10k;non_applied_scale,decimate_or_replace_for_mobile;rename_semantically;apply_transforms_before_export
node_0.011,Collection 5,3,50272,31067,2.386 x 0.762 x 0.804,"8.667, 9.495, 0.267",1,Material.048,auto_import_name;very_high_poly_gt_50k;non_applied_scale,decimate_or_replace_for_mobile;rename_semantically;apply_transforms_before_export
node_0.012,Collection 5,2,21962,12525,3.041 x 2.261 x 0.966,"15.767, 3.499, -0.038",1,Material.049,auto_import_name;high_poly_gt_10k;non_applied_scale,decimate_or_replace_for_mobile;rename_semantically;apply_transforms_before_export
node_0.014,Scene Collection,2,20228,13563,1.194 x 1.72 x 0.915,"11.362, -10.632, -0.151",1,Material.122,auto_import_name;high_poly_gt_10k;non_applied_scale,decimate_or_replace_for_mobile;rename_semantically;apply_transforms_before_export
node_0.015,Collection 5,2,49996,35562,1.986 x 0.557 x 1.756,"5.218, 10.715, 0.466",1,Material.052,auto_import_name;high_poly_gt_10k;nonzero_rotation_transform;non_applied_scale,decimate_or_replace_for_mobile;rename_semantically;apply_transforms_before_export
node_0.016,Collection 5,2,20228,13563,0.955 x 1.373 x 0.732,"-13.554, 6.069, -0.01",1,Material.053,auto_import_name;high_poly_gt_10k;non_applied_scale,decimate_or_replace_for_mobile;rename_semantically;apply_transforms_before_export
node_0.017,Collection 5,2,50000,32996,7.508 x 6.007 x 5.095,"12.499, -3.947, -0.014",1,Material.029,auto_import_name;high_poly_gt_10k;non_applied_scale,decimate_or_replace_for_mobile;rename_semantically;apply_transforms_before_export
node_0.018,Collection 5,2,49736,39968,3.79 x 8.215 x 3.84,"-10.668, 6.357, 0.176",1,Material.054,auto_import_name;high_poly_gt_10k;nonzero_rotation_transform;non_applied_scale,decimate_or_replace_for_mobile;rename_semantically;apply_transforms_before_export
node_0.019,Collection 5,3,50012,29513,1.683 x 0.769 x 1.918,"14.621, -2.868, 0.004",1,Material.055,auto_import_name;very_high_poly_gt_50k;non_applied_scale,decimate_or_replace_for_mobile;rename_semantically;apply_transforms_before_export
node_0.020,Scene Collection,2,20943,12191,1.996 x 0.937 x 0.307,"-17.142, -3.774, 0.337",1,Material.026,auto_import_name;high_poly_gt_10k;nonzero_rotation_transform;non_applied_scale,decimate_or_replace_for_mobile;rename_semantically;apply_transforms_before_export
node_0.021,Collection 5,2,15301,10413,1.079 x 0.902 x 1.067,"5.022, 12.536, -0.102",1,Material.053,auto_import_name;high_poly_gt_10k;non_applied_scale,decimate_or_replace_for_mobile;rename_semantically;apply_transforms_before_export
node_0.022,Collection 5,1,9023,6177,0.52 x 2.223 x 0.528,"6.946, 2.625, 0.024",1,Material.053,auto_import_name;medium_poly_gt_2k;non_applied_scale,rename_semantically;apply_transforms_before_export
node_0.023,04_Stone_Ring_Road,2,20228,13563,1.193 x 1.717 x 0.915,"17.715, -5.335, -0.186",1,Material.065,auto_import_name;high_poly_gt_10k;non_applied_scale,decimate_or_replace_for_mobile;rename_semantically;apply_transforms_before_export
node_0.024,Scene Collection,2,15301,10413,1.077 x 0.896 x 1.064,"-12.412, -8.61, -0.012",1,Material.182,auto_import_name;high_poly_gt_10k;non_applied_scale,decimate_or_replace_for_mobile;rename_semantically;apply_transforms_before_export
node_0.026,04_Stone_Ring_Road,2,15301,10413,1.079 x 0.903 x 1.065,"-5.759, 13.595, -0.08",1,Material.059,auto_import_name;high_poly_gt_10k;nonzero_rotation_transform;non_applied_scale,decimate_or_replace_for_mobile;rename_semantically;apply_transforms_before_export
node_0.027,04_Stone_Ring_Road,2,15301,10413,1.077 x 0.896 x 1.064,"-6.412, -12.61, -0.012",1,Material.061,auto_import_name;high_poly_gt_10k;non_applied_scale,decimate_or_replace_for_mobile;rename_semantically;apply_transforms_before_export
node_0.028,Scene Collection,2,20943,12191,1.996 x 0.937 x 0.307,"-16.224, -5.666, 0.167",1,Material.027,auto_import_name;high_poly_gt_10k;nonzero_rotation_transform;non_applied_scale,decimate_or_replace_for_mobile;rename_semantically;apply_transforms_before_export
node_0.029,Collection 5,2,11408,6806,0.713 x 1.377 x 0.696,"18.877, 6.079, 0.152",1,Material.049,auto_import_name;high_poly_gt_10k;non_applied_scale,decimate_or_replace_for_mobile;rename_semantically;apply_transforms_before_export
node_0.030,04_Stone_Ring_Road,2,15301,10413,0.897 x 0.747 x 0.886,"12.346, -8.77, -0.046",1,Material.063,auto_import_name;high_poly_gt_10k;non_applied_scale,decimate_or_replace_for_mobile;rename_semantically;apply_transforms_before_export
node_0.031,04_Stone_Ring_Road,1,2416,5113,3.722 x 2.28 x 1.221,"16.242, 5.492, -0.024",1,Material.069,auto_import_name;medium_poly_gt_2k;nonzero_rotation_transform;non_applied_scale,rename_semantically;apply_transforms_before_export
node_0.032,Collection 5,1,8798,4995,1.457 x 2.125 x 1.435,"18.802, 7.282, -0.034",1,Material.050,auto_import_name;medium_poly_gt_2k;non_applied_scale,rename_semantically;apply_transforms_before_export
node_0.033,Collection 5,2,15599,9593,3.33 x 3.118 x 1.335,"12.392, 11.072, -0.024",1,Material.050,auto_import_name;high_poly_gt_10k;non_applied_scale,decimate_or_replace_for_mobile;rename_semantically;apply_transforms_before_export
node_0.034,04_Stone_Ring_Road,1,543,1049,1.094 x 1.673 x 1.082,"14.552, 10.352, -0.034",1,Material.070,auto_import_name;non_applied_scale,rename_semantically;apply_transforms_before_export
node_0.035,04_Stone_Ring_Road,2,15599,9593,2.498 x 2.304 x 1.001,"14.012, 8.982, -0.054",1,Material.071,auto_import_name;high_poly_gt_10k;non_applied_scale,decimate_or_replace_for_mobile;rename_semantically;apply_transforms_before_export
node_0.036,04_Stone_Ring_Road,2,19553,11595,5.236 x 3.451 x 1.544,"13.622, 8.122, -0.044",1,Material.072,auto_import_name;high_poly_gt_10k;non_applied_scale,decimate_or_replace_for_mobile;rename_semantically;apply_transforms_before_export
node_0.037,Scene Collection,2,49980,33058,11.959 x 0.146 x 11.969,"0.141, -0.169, 0.203",1,Material.014,auto_import_name;high_poly_gt_10k;nonzero_rotation_transform;non_applied_scale,decimate_or_replace_for_mobile;rename_semantically;apply_transforms_before_export
node_0.038,Collection 5,2,20943,12191,1.994 x 0.941 x 0.312,"-17.717, 2.358, -0.041",1,Material.056,auto_import_name;high_poly_gt_10k;nonzero_rotation_transform;non_applied_scale,decimate_or_replace_for_mobile;rename_semantically;apply_transforms_before_export
node_0.041,04_Stone_Ring_Road,2,36401,25826,1.905 x 1.5 x 2.336,"-9.296, 7.331, 0.116",1,Material.077,auto_import_name;high_poly_gt_10k;nonzero_rotation_transform;non_applied_scale,decimate_or_replace_for_mobile;rename_semantically;apply_transforms_before_export
node_0.046,Collection 5,2,16467,9983,0.863 x 1.854 x 0.889,"19.203, -3.322, -0.038",1,Material.049,auto_import_name;high_poly_gt_10k;non_applied_scale,decimate_or_replace_for_mobile;rename_semantically;apply_transforms_before_export
node_0.047,04_Stone_Ring_Road,2,49980,33058,4.786 x 0.146 x 4.787,"-0.61, -9.7, 0.05",1,Material.001,auto_import_name;high_poly_gt_10k;nonzero_rotation_transform;non_applied_scale,decimate_or_replace_for_mobile;rename_semantically;apply_transforms_before_export
node_0.053,04_Stone_Ring_Road,2,15301,10413,0.718 x 0.597 x 0.709,"16.264, 4.878, -0.076",1,Material.007,auto_import_name;high_poly_gt_10k;non_applied_scale,decimate_or_replace_for_mobile;rename_semantically;apply_transforms_before_export
node_0.054,04_Stone_Ring_Road,2,21962,12525,2.536 x 1.885 x 0.806,"16.207, 1.779, -0.038",1,Material.008,auto_import_name;high_poly_gt_10k;non_applied_scale,decimate_or_replace_for_mobile;rename_semantically;apply_transforms_before_export
node_0.055,04_Stone_Ring_Road,1,8798,4995,0.729 x 1.062 x 0.718,"14.972, 7.122, -0.034",1,Material.009,auto_import_name;medium_poly_gt_2k;non_applied_scale,rename_semantically;apply_transforms_before_export
node_0.056,Scene Collection,2,20943,12191,1.994 x 0.941 x 0.312,"-18.165, 0.09, 0.049",1,Material.016,auto_import_name;high_poly_gt_10k;nonzero_rotation_transform;non_applied_scale,decimate_or_replace_for_mobile;rename_semantically;apply_transforms_before_export
node_0.057,04_Stone_Ring_Road,1,8798,4995,0.729 x 1.062 x 0.718,"17.452, 2.542, -0.034",1,Material.011,auto_import_name;medium_poly_gt_2k;non_applied_scale,rename_semantically;apply_transforms_before_export
node_0.058,04_Stone_Ring_Road,2,19528,11557,5.236 x 2.905 x 1.544,"16.632, 0.552, -0.044",1,Material.012,auto_import_name;high_poly_gt_10k;non_applied_scale,decimate_or_replace_for_mobile;rename_semantically;apply_transforms_before_export
node_0.059,Scene Collection,2,20943,12191,1.994 x 0.941 x 0.312,"-16.145, 6.194, -0.041",1,Material.017,auto_import_name;high_poly_gt_10k;nonzero_rotation_transform;non_applied_scale,decimate_or_replace_for_mobile;rename_semantically;apply_transforms_before_export
node_0.060,Scene Collection,2,20943,12191,1.994 x 0.941 x 0.312,"-17.046, 4.302, -0.041",1,Material.018,auto_import_name;high_poly_gt_10k;nonzero_rotation_transform;non_applied_scale,decimate_or_replace_for_mobile;rename_semantically;apply_transforms_before_export
node_0.061,Scene Collection,2,20943,12191,1.994 x 0.941 x 0.312,"-15.118, 8.167, -0.041",1,Material.019,auto_import_name;high_poly_gt_10k;nonzero_rotation_transform;non_applied_scale,decimate_or_replace_for_mobile;rename_semantically;apply_transforms_before_export
node_0.062,Scene Collection,2,20943,12191,1.994 x 0.941 x 0.312,"-12.168, 10.73, 0.247",1,Material.020,auto_import_name;high_poly_gt_10k;nonzero_rotation_transform;non_applied_scale,decimate_or_replace_for_mobile;rename_semantically;apply_transforms_before_export
node_0.063,Scene Collection,2,20943,12191,1.994 x 0.941 x 0.312,"-13.899, 9.441, 0.159",1,Material.021,auto_import_name;high_poly_gt_10k;nonzero_rotation_transform;non_applied_scale,decimate_or_replace_for_mobile;rename_semantically;apply_transforms_before_export
node_0.064,Scene Collection,2,20943,12191,1.994 x 0.941 x 0.312,"-8.419, 12.974, -0.151",1,Material.022,auto_import_name;high_poly_gt_10k;nonzero_rotation_transform;non_applied_scale,decimate_or_replace_for_mobile;rename_semantically;apply_transforms_before_export
node_0.066,Scene Collection,2,20943,12191,1.994 x 0.941 x 0.312,"-15.307, -7.526, -0.043",1,Material.028,auto_import_name;high_poly_gt_10k;nonzero_rotation_transform;non_applied_scale,decimate_or_replace_for_mobile;rename_semantically;apply_transforms_before_export
node_0.067,Scene Collection,2,20943,12191,1.994 x 0.941 x 0.312,"-10.274, 12.023, 0.155",1,Material.030,auto_import_name;high_poly_gt_10k;nonzero_rotation_transform;non_applied_scale,decimate_or_replace_for_mobile;rename_semantically;apply_transforms_before_export
node_0.068,Scene Collection,2,20943,12191,1.994 x 0.941 x 0.312,"-6.423, 13.723, -0.151",1,Material.036,auto_import_name;high_poly_gt_10k;nonzero_rotation_transform;non_applied_scale,decimate_or_replace_for_mobile;rename_semantically;apply_transforms_before_export
node_0.069,Scene Collection,2,20943,12191,1.994 x 0.941 x 0.312,"-4.296, 14.287, -0.151",1,Material.057,auto_import_name;high_poly_gt_10k;nonzero_rotation_transform;non_applied_scale,decimate_or_replace_for_mobile;rename_semantically;apply_transforms_before_export
node_0.070,Scene Collection,2,20943,12191,1.994 x 0.941 x 0.312,"-2.098, 14.624, -0.151",1,Material.062,auto_import_name;high_poly_gt_10k;nonzero_rotation_transform;non_applied_scale,decimate_or_replace_for_mobile;rename_semantically;apply_transforms_before_export
node_0.071,Scene Collection,2,20943,12191,1.994 x 0.941 x 0.312,"0.181, 14.742, -0.151",1,Material.068,auto_import_name;high_poly_gt_10k;nonzero_rotation_transform;non_applied_scale,decimate_or_replace_for_mobile;rename_semantically;apply_transforms_before_export
node_0.072,Scene Collection,2,20943,12191,1.994 x 0.941 x 0.312,"2.277, 14.659, -0.151",1,Material.080,auto_import_name;high_poly_gt_10k;nonzero_rotation_transform;non_applied_scale,decimate_or_replace_for_mobile;rename_semantically;apply_transforms_before_export
node_0.073,Scene Collection,2,20943,12191,1.994 x 0.941 x 0.312,"4.458, 14.327, -0.151",1,Material.085,auto_import_name;high_poly_gt_10k;nonzero_rotation_transform;non_applied_scale,decimate_or_replace_for_mobile;rename_semantically;apply_transforms_before_export
node_0.074,Scene Collection,2,20943,12191,1.994 x 0.941 x 0.312,"6.081, 13.7, -0.151",1,Material.088,auto_import_name;high_poly_gt_10k;nonzero_rotation_transform;non_applied_scale,decimate_or_replace_for_mobile;rename_semantically;apply_transforms_before_export
node_0.075,Scene Collection,2,20943,12191,1.994 x 0.941 x 0.312,"8.592, 12.337, -0.151",1,Material.089,auto_import_name;high_poly_gt_10k;nonzero_rotation_transform;non_applied_scale,decimate_or_replace_for_mobile;rename_semantically;apply_transforms_before_export
node_0.076,Scene Collection,2,20943,12191,1.994 x 0.941 x 0.312,"10.511, 11.46, -0.151",1,Material.090,auto_import_name;high_poly_gt_10k;nonzero_rotation_transform;non_applied_scale,decimate_or_replace_for_mobile;rename_semantically;apply_transforms_before_export
node_0.077,Scene Collection,2,20943,12191,1.994 x 0.941 x 0.312,"12.406, 10.392, -0.151",1,Material.091,auto_import_name;high_poly_gt_10k;nonzero_rotation_transform;non_applied_scale,decimate_or_replace_for_mobile;rename_semantically;apply_transforms_before_export
node_0.078,Scene Collection,2,20943,12191,1.994 x 0.941 x 0.312,"14.122, 9.089, -0.129",1,Material.092,auto_import_name;high_poly_gt_10k;nonzero_rotation_transform;non_applied_scale,decimate_or_replace_for_mobile;rename_semantically;apply_transforms_before_export
node_0.079,Scene Collection,2,20943,12191,1.994 x 0.941 x 0.312,"15.705, 7.61, -0.067",1,Material.093,auto_import_name;high_poly_gt_10k;nonzero_rotation_transform;non_applied_scale,decimate_or_replace_for_mobile;rename_semantically;apply_transforms_before_export
node_0.080,Scene Collection,2,20943,12191,1.994 x 0.941 x 0.312,"16.645, 5.67, -0.009",1,Material.094,auto_import_name;high_poly_gt_10k;nonzero_rotation_transform;non_applied_scale,decimate_or_replace_for_mobile;rename_semantically;apply_transforms_before_export
node_0.081,Scene Collection,2,20943,12191,1.994 x 0.941 x 0.312,"16.495, 3.578, -0.011",1,Material.095,auto_import_name;high_poly_gt_10k;nonzero_rotation_transform;non_applied_scale,decimate_or_replace_for_mobile;rename_semantically;apply_transforms_before_export
node_0.082,Scene Collection,2,20943,12191,1.994 x 0.941 x 0.312,"18.023, 0.474, -0.015",1,Material.096,auto_import_name;high_poly_gt_10k;nonzero_rotation_transform;non_applied_scale,decimate_or_replace_for_mobile;rename_semantically;apply_transforms_before_export
node_0.083,Scene Collection,2,20943,12191,1.994 x 0.941 x 0.312,"18.793, -0.597, -0.029",1,Material.097,auto_import_name;high_poly_gt_10k;nonzero_rotation_transform;non_applied_scale,decimate_or_replace_for_mobile;rename_semantically;apply_transforms_before_export
node_0.084,Scene Collection,2,20943,12191,1.994 x 0.941 x 0.312,"18.673, -2.361, -0.06",1,Material.098,auto_import_name;high_poly_gt_10k;nonzero_rotation_transform;non_applied_scale,decimate_or_replace_for_mobile;rename_semantically;apply_transforms_before_export
node_0.085,Scene Collection,2,20943,12191,1.994 x 0.941 x 0.312,"18.272, -4.5, -0.032",1,Material.099,auto_import_name;high_poly_gt_10k;nonzero_rotation_transform;non_applied_scale,decimate_or_replace_for_mobile;rename_semantically;apply_transforms_before_export
node_0.086,Scene Collection,2,20943,12191,1.994 x 0.941 x 0.312,"17.749, -6.578, -0.07",1,Material.100,auto_import_name;high_poly_gt_10k;nonzero_rotation_transform;non_applied_scale,decimate_or_replace_for_mobile;rename_semantically;apply_transforms_before_export
node_0.087,Scene Collection,2,20943,12191,1.994 x 0.941 x 0.312,"17.026, -8.031, -0.028",1,Material.101,auto_import_name;high_poly_gt_10k;nonzero_rotation_transform;non_applied_scale,decimate_or_replace_for_mobile;rename_semantically;apply_transforms_before_export
node_0.088,Scene Collection,2,20943,12191,1.994 x 0.941 x 0.312,"15.752, -9.067, -0.003",1,Material.102,auto_import_name;high_poly_gt_10k;nonzero_rotation_transform;non_applied_scale,decimate_or_replace_for_mobile;rename_semantically;apply_transforms_before_export
node_0.089,Scene Collection,2,20943,12191,1.994 x 0.941 x 0.312,"-13.806, -8.944, 0.002",1,Material.103,auto_import_name;high_poly_gt_10k;nonzero_rotation_transform;non_applied_scale,decimate_or_replace_for_mobile;rename_semantically;apply_transforms_before_export
node_0.090,Scene Collection,2,20943,12191,1.994 x 0.941 x 0.312,"-11.903, -10.32, -0.012",1,Material.104,auto_import_name;high_poly_gt_10k;nonzero_rotation_transform;non_applied_scale,decimate_or_replace_for_mobile;rename_semantically;apply_transforms_before_export
node_0.091,Scene Collection,2,20943,12191,1.996 x 0.937 x 0.306,"-9.968, -11.697, 0.002",1,Material.105,auto_import_name;high_poly_gt_10k;nonzero_rotation_transform;non_applied_scale,decimate_or_replace_for_mobile;rename_semantically;apply_transforms_before_export
node_0.092,Scene Collection,2,20943,12191,1.996 x 0.937 x 0.307,"-8.387, -13.568, 0.107",1,Material.106,auto_import_name;high_poly_gt_10k;nonzero_rotation_transform;non_applied_scale,decimate_or_replace_for_mobile;rename_semantically;apply_transforms_before_export
node_0.094,Scene Collection,2,20943,12191,1.994 x 0.941 x 0.312,"13.743, -10.205, -0.129",1,Material.108,auto_import_name;high_poly_gt_10k;nonzero_rotation_transform;non_applied_scale,decimate_or_replace_for_mobile;rename_semantically;apply_transforms_before_export
node_0.095,Scene Collection,2,20943,12191,1.994 x 0.941 x 0.312,"12.442, -10.013, -0.006",1,Material.109,auto_import_name;high_poly_gt_10k;nonzero_rotation_transform;non_applied_scale,decimate_or_replace_for_mobile;rename_semantically;apply_transforms_before_export
node_0.096,Scene Collection,2,20943,12191,1.994 x 0.941 x 0.312,"9.728, -10.109, -0.036",1,Material.110,auto_import_name;high_poly_gt_10k;nonzero_rotation_transform;non_applied_scale,decimate_or_replace_for_mobile;rename_semantically;apply_transforms_before_export
node_0.097,Scene Collection,2,20943,12191,1.994 x 0.941 x 0.312,"7.357, -11.331, 0.002",1,Material.111,auto_import_name;high_poly_gt_10k;nonzero_rotation_transform;non_applied_scale,decimate_or_replace_for_mobile;rename_semantically;apply_transforms_before_export
node_0.098,Scene Collection,2,20943,12191,1.994 x 0.941 x 0.312,"5.306, -12.943, 0.027",1,Material.112,auto_import_name;high_poly_gt_10k;nonzero_rotation_transform;non_applied_scale,decimate_or_replace_for_mobile;rename_semantically;apply_transforms_before_export
node_0.099,Scene Collection,2,20943,12191,1.996 x 0.937 x 0.307,"-7.904, -14.08, 0.068",1,Material.113,auto_import_name;high_poly_gt_10k;nonzero_rotation_transform;non_applied_scale,decimate_or_replace_for_mobile;rename_semantically;apply_transforms_before_export
node_0.102,Scene Collection,2,15301,10413,1.077 x 0.896 x 1.064,"12.06, 7.044, 0.302",1,Material.116,auto_import_name;high_poly_gt_10k;non_applied_scale,decimate_or_replace_for_mobile;rename_semantically;apply_transforms_before_export
node_0.103,Scene Collection,2,15301,10413,1.077 x 0.896 x 1.064,"18.427, 0.002, -0.166",1,Material.117,auto_import_name;high_poly_gt_10k;non_applied_scale,decimate_or_replace_for_mobile;rename_semantically;apply_transforms_before_export
node_0.104,Scene Collection,2,20228,13563,1.194 x 1.72 x 0.915,"17.078, 0.405, -0.151",1,Material.118,auto_import_name;high_poly_gt_10k;nonzero_rotation_transform;non_applied_scale,decimate_or_replace_for_mobile;rename_semantically;apply_transforms_before_export
node_0.105,Scene Collection,2,15599,9593,2.498 x 2.069 x 1.001,"14.012, -9.699, -0.014",1,Material.119,auto_import_name;high_poly_gt_10k;non_applied_scale,decimate_or_replace_for_mobile;rename_semantically;apply_transforms_before_export
node_0.106,Scene Collection,1,2416,5113,3.724 x 2.278 x 1.221,"16.242, -8.655, -0.024",1,Material.120,auto_import_name;medium_poly_gt_2k;nonzero_rotation_transform;non_applied_scale,rename_semantically;apply_transforms_before_export
node_0.107,Scene Collection,1,8798,4995,0.729 x 1.062 x 0.718,"14.058, -9.64, -0.034",1,Material.121,auto_import_name;medium_poly_gt_2k;non_applied_scale,rename_semantically;apply_transforms_before_export
node_0.108,Scene Collection,2,19553,11595,5.236 x 3.451 x 1.545,"13.95, -7.289, -0.057",1,Material.123,auto_import_name;high_poly_gt_10k;non_applied_scale,decimate_or_replace_for_mobile;rename_semantically;apply_transforms_before_export
node_0.109,Scene Collection,2,15599,9593,3.33 x 2.759 x 1.335,"18.275, -1.514, -0.024",1,Material.124,auto_import_name;high_poly_gt_10k;non_applied_scale,decimate_or_replace_for_mobile;rename_semantically;apply_transforms_before_export
node_0.110,Scene Collection,1,8798,4995,1.457 x 2.125 x 1.435,"20.683, -4.531, -0.034",1,Material.125,auto_import_name;medium_poly_gt_2k;non_applied_scale,rename_semantically;apply_transforms_before_export
node_0.111,Scene Collection,1,8798,4995,0.729 x 1.062 x 0.718,"18.991, -3.502, -0.034",1,Material.126,auto_import_name;medium_poly_gt_2k;non_applied_scale,rename_semantically;apply_transforms_before_export
node_0.112,Scene Collection,2,15599,9593,3.33 x 2.759 x 1.335,"18.275, -6.605, -0.024",1,Material.127,auto_import_name;high_poly_gt_10k;non_applied_scale,decimate_or_replace_for_mobile;rename_semantically;apply_transforms_before_export
node_0.113,Scene Collection,2,15599,9593,2.498 x 2.069 x 1.001,"16.646, 1.235, -0.18",1,Material.128,auto_import_name;high_poly_gt_10k;non_applied_scale,decimate_or_replace_for_mobile;rename_semantically;apply_transforms_before_export
node_0.114,Scene Collection,2,21962,12525,3.042 x 2.262 x 0.966,"10.529, -8.881, -0.038",1,Material.129,auto_import_name;high_poly_gt_10k;non_applied_scale,decimate_or_replace_for_mobile;rename_semantically;apply_transforms_before_export
node_0.115,Scene Collection,2,19553,11595,5.237 x 3.81 x 1.544,"11.074, 8.261, -0.044",1,Material.130,auto_import_name;high_poly_gt_10k;non_applied_scale,decimate_or_replace_for_mobile;rename_semantically;apply_transforms_before_export
node_0.116,Scene Collection,1,2416,5113,3.724 x 2.161 x 1.221,"6.132, 13.96, -0.024",1,Material.131,auto_import_name;medium_poly_gt_2k;nonzero_rotation_transform;non_applied_scale,rename_semantically;apply_transforms_before_export
node_0.118,Scene Collection,2,15599,9593,2.498 x 1.573 x 1.001,"11.125, 11.514, -0.054",1,Material.146,auto_import_name;high_poly_gt_10k;non_applied_scale,decimate_or_replace_for_mobile;rename_semantically;apply_transforms_before_export
node_0.119,Scene Collection,2,11408,6806,0.71 x 1.374 x 0.695,"10.029, 12.778, 0.152",1,Material.134,auto_import_name;high_poly_gt_10k;non_applied_scale,decimate_or_replace_for_mobile;rename_semantically;apply_transforms_before_export
node_0.120,Scene Collection,2,19553,11595,5.237 x 3.644 x 1.544,"3.306, 13.033, -0.044",1,Material.135,auto_import_name;high_poly_gt_10k;non_applied_scale,decimate_or_replace_for_mobile;rename_semantically;apply_transforms_before_export
node_0.121,Scene Collection,1,8798,4995,1.457 x 2.125 x 1.436,"8.81, 12.036, -0.034",1,Material.136,auto_import_name;medium_poly_gt_2k;non_applied_scale,rename_semantically;apply_transforms_before_export
node_0.122,Scene Collection,2,21962,12525,2.536 x 1.886 x 0.806,"7.741, 11.808, -0.038",1,Material.137,auto_import_name;high_poly_gt_10k;non_applied_scale,decimate_or_replace_for_mobile;rename_semantically;apply_transforms_before_export
node_0.123,Scene Collection,2,15599,9593,3.33 x 2.759 x 1.329,"3.133, 15.045, -0.024",1,Material.138,auto_import_name;high_poly_gt_10k;non_applied_scale,decimate_or_replace_for_mobile;rename_semantically;apply_transforms_before_export
node_0.124,Scene Collection,1,8798,4995,0.729 x 1.062 x 0.718,"4.923, 14.791, -0.034",1,Material.139,auto_import_name;medium_poly_gt_2k;non_applied_scale,rename_semantically;apply_transforms_before_export
node_0.125,Scene Collection,2,15301,10413,1.077 x 0.901 x 1.064,"-3.443, 15.073, -0.102",1,Material.140,auto_import_name;high_poly_gt_10k;non_applied_scale,decimate_or_replace_for_mobile;rename_semantically;apply_transforms_before_export
node_0.127,Scene Collection,1,9023,6177,0.52 x 2.223 x 0.528,"-7.082, 1.83, 0.304",1,Material.142,auto_import_name;medium_poly_gt_2k;non_applied_scale,rename_semantically;apply_transforms_before_export
node_0.128,Scene Collection,2,15599,9593,2.496 x 2.069 x 1.001,"-3.457, 14.886, 0.026",1,Material.143,auto_import_name;high_poly_gt_10k;non_applied_scale,decimate_or_replace_for_mobile;rename_semantically;apply_transforms_before_export
node_0.129,Scene Collection,2,11408,6806,0.71 x 1.576 x 0.695,"3.229, 15.258, 0.152",1,Material.144,auto_import_name;high_poly_gt_10k;non_applied_scale,decimate_or_replace_for_mobile;rename_semantically;apply_transforms_before_export
node_0.130,Scene Collection,2,19553,11595,5.236 x 3.119 x 1.544,"-0.757, 14.658, -0.044",1,Material.145,auto_import_name;high_poly_gt_10k;non_applied_scale,decimate_or_replace_for_mobile;rename_semantically;apply_transforms_before_export
node_0.131,Scene Collection,2,15599,9593,2.498 x 2.573 x 1.001,"-0.004, 15.232, -0.054",1,Material.147,auto_import_name;high_poly_gt_10k;non_applied_scale,decimate_or_replace_for_mobile;rename_semantically;apply_transforms_before_export
node_0.132,Scene Collection,2,11408,6806,0.71 x 1.017 x 0.694,"-0.693, 15.438, 0.152",1,Material.148,auto_import_name;high_poly_gt_10k;non_applied_scale,decimate_or_replace_for_mobile;rename_semantically;apply_transforms_before_export
node_0.133,Scene Collection,1,8798,4995,0.729 x 1.062 x 0.718,"-0.256, 15.07, -0.034",1,Material.149,auto_import_name;medium_poly_gt_2k;non_applied_scale,rename_semantically;apply_transforms_before_export
node_0.134,Scene Collection,1,2416,5113,3.722 x 2.011 x 1.221,"-4.969, 14.144, 0.096",1,Material.150,auto_import_name;medium_poly_gt_2k;nonzero_rotation_transform;non_applied_scale,rename_semantically;apply_transforms_before_export
node_0.135,Scene Collection,2,19553,11595,6.283 x 4.141 x 1.853,"-8.802, 13.769, 0.117",1,Material.151,auto_import_name;high_poly_gt_10k;non_applied_scale,decimate_or_replace_for_mobile;rename_semantically;apply_transforms_before_export
node_0.136,Scene Collection,2,19553,11595,5.236 x 3.644 x 1.544,"-10.694, 13.033, 0.236",1,Material.152,auto_import_name;high_poly_gt_10k;non_applied_scale,decimate_or_replace_for_mobile;rename_semantically;apply_transforms_before_export
node_0.137,Scene Collection,1,8798,4995,1.457 x 2.125 x 1.436,"-5.79, 12.466, 0.116",1,Material.153,auto_import_name;medium_poly_gt_2k;non_applied_scale,rename_semantically;apply_transforms_before_export
node_0.138,Scene Collection,2,15599,9593,2.498 x 2.069 x 1.001,"-18.354, 1.235, 0.14",1,Material.154,auto_import_name;high_poly_gt_10k;non_applied_scale,decimate_or_replace_for_mobile;rename_semantically;apply_transforms_before_export
node_0.139,Scene Collection,2,15599,9593,3.33 x 2.759 x 1.335,"-18.065, -1.514, 0.276",1,Material.155,auto_import_name;high_poly_gt_10k;non_applied_scale,decimate_or_replace_for_mobile;rename_semantically;apply_transforms_before_export
node_0.140,Scene Collection,2,15301,10413,1.079 x 0.902 x 1.065,"-16.573, 0.002, -0.166",1,Material.156,auto_import_name;high_poly_gt_10k;non_applied_scale,decimate_or_replace_for_mobile;rename_semantically;apply_transforms_before_export
node_0.141,Scene Collection,2,19528,11557,5.236 x 2.905 x 1.544,"-18.118, -6.038, 0.316",1,Material.157,auto_import_name;high_poly_gt_10k;non_applied_scale,decimate_or_replace_for_mobile;rename_semantically;apply_transforms_before_export
node_0.142,Scene Collection,1,8798,4995,0.729 x 1.062 x 0.718,"-17.548, 2.542, 0.046",1,Material.158,auto_import_name;medium_poly_gt_2k;non_applied_scale,rename_semantically;apply_transforms_before_export
node_0.143,Scene Collection,2,21962,12525,2.535 x 1.885 x 0.805,"-18.793, 1.779, 0.182",1,Material.159,auto_import_name;high_poly_gt_10k;non_applied_scale,decimate_or_replace_for_mobile;rename_semantically;apply_transforms_before_export
node_0.144,Scene Collection,2,21962,12525,3.043 x 2.262 x 0.967,"-19.233, 3.499, 0.012",1,Material.160,auto_import_name;high_poly_gt_10k;nonzero_rotation_transform;non_applied_scale,decimate_or_replace_for_mobile;rename_semantically;apply_transforms_before_export
node_0.145,Scene Collection,2,19553,11595,5.236 x 3.81 x 1.544,"-18.796, 5.261, -0.014",1,Material.161,auto_import_name;high_poly_gt_10k;non_applied_scale,decimate_or_replace_for_mobile;rename_semantically;apply_transforms_before_export
node_0.146,Scene Collection,2,15599,9593,2.496 x 2.069 x 1.001,"-10.354, -1.765, -0.18",1,Material.162,auto_import_name;high_poly_gt_10k;non_applied_scale,decimate_or_replace_for_mobile;rename_semantically;apply_transforms_before_export
node_0.147,Scene Collection,2,19528,11557,5.237 x 2.905 x 1.544,"-11.458, 10.732, 0.106",1,Material.163,auto_import_name;high_poly_gt_10k;non_applied_scale,decimate_or_replace_for_mobile;rename_semantically;apply_transforms_before_export
node_0.148,Scene Collection,1,8798,4995,0.729 x 1.062 x 0.718,"-16.858, 4.122, 0.106",1,Material.164,auto_import_name;medium_poly_gt_2k;non_applied_scale,rename_semantically;apply_transforms_before_export
node_0.149,Scene Collection,2,21962,12525,2.536 x 2.587 x 0.806,"-11.193, 12.109, 0.122",1,Material.165,auto_import_name;high_poly_gt_10k;non_applied_scale,decimate_or_replace_for_mobile;rename_semantically;apply_transforms_before_export
node_0.150,Scene Collection,2,19553,11595,5.236 x 3.451 x 1.544,"-14.328, 10.292, 0.036",1,Material.166,auto_import_name;high_poly_gt_10k;non_applied_scale,decimate_or_replace_for_mobile;rename_semantically;apply_transforms_before_export
node_0.151,Scene Collection,2,15599,9593,2.498 x 2.304 x 1.001,"-16.578, 6.432, 0.086",1,Material.167,auto_import_name;high_poly_gt_10k;non_applied_scale,decimate_or_replace_for_mobile;rename_semantically;apply_transforms_before_export
node_0.152,Scene Collection,2,15599,9593,3.33 x 3.118 x 1.335,"-14.608, 9.072, -0.024",1,Material.168,auto_import_name;high_poly_gt_10k;non_applied_scale,decimate_or_replace_for_mobile;rename_semantically;apply_transforms_before_export
node_0.153,Scene Collection,1,8798,4995,1.457 x 2.125 x 1.436,"-8.198, 4.282, -0.034",1,Material.168,auto_import_name;medium_poly_gt_2k;non_applied_scale,rename_semantically;apply_transforms_before_export
node_0.154,Scene Collection,1,2416,5113,3.722 x 2.28 x 1.221,"-14.278, 7.252, -0.024",1,Material.169,auto_import_name;medium_poly_gt_2k;nonzero_rotation_transform;non_applied_scale,rename_semantically;apply_transforms_before_export
node_0.155,Scene Collection,2,21962,12525,3.043 x 1.795 x 0.967,"-12.653, 11.419, 0.172",1,Material.170,auto_import_name;high_poly_gt_10k;non_applied_scale,decimate_or_replace_for_mobile;rename_semantically;apply_transforms_before_export
node_0.156,Scene Collection,2,15599,9593,3.33 x 3.118 x 1.335,"-8.248, -14.108, 0.046",1,Material.171,auto_import_name;high_poly_gt_10k;non_applied_scale,decimate_or_replace_for_mobile;rename_semantically;apply_transforms_before_export
node_0.157,Scene Collection,2,15599,9593,2.496 x 2.303 x 1.001,"-15.578, 3.432, 0.086",1,Material.172,auto_import_name;high_poly_gt_10k;non_applied_scale,decimate_or_replace_for_mobile;rename_semantically;apply_transforms_before_export
node_0.158,Scene Collection,2,19553,11595,5.236 x 2.65 x 1.545,"-9.328, -12.708, 0.036",1,Material.173,auto_import_name;high_poly_gt_10k;non_applied_scale,decimate_or_replace_for_mobile;rename_semantically;apply_transforms_before_export
node_0.159,Scene Collection,1,8798,4995,0.729 x 1.062 x 0.718,"-15.038, -7.438, 0.256",1,Material.174,auto_import_name;medium_poly_gt_2k;non_applied_scale,rename_semantically;apply_transforms_before_export
node_0.160,Scene Collection,2,19553,11595,5.236 x 4.01 x 1.544,"-16.006, -8.489, 0.236",1,Material.175,auto_import_name;high_poly_gt_10k;non_applied_scale,decimate_or_replace_for_mobile;rename_semantically;apply_transforms_before_export
node_0.161,Scene Collection,2,21962,12525,3.042 x 2.262 x 0.966,"-19.653, 0.429, 0.012",1,Material.176,auto_import_name;high_poly_gt_10k;nonzero_rotation_transform;non_applied_scale,decimate_or_replace_for_mobile;rename_semantically;apply_transforms_before_export
node_0.162,Scene Collection,2,21962,12525,2.536 x 1.885 x 0.806,"-17.793, -7.541, 0.182",1,Material.177,auto_import_name;high_poly_gt_10k;non_applied_scale,decimate_or_replace_for_mobile;rename_semantically;apply_transforms_before_export
node_0.163,Scene Collection,1,8798,4995,0.729 x 1.062 x 0.718,"-16.938, -3.188, 0.046",1,Material.178,auto_import_name;medium_poly_gt_2k;non_applied_scale,rename_semantically;apply_transforms_before_export
node_0.164,Scene Collection,2,19528,11557,5.236 x 2.905 x 1.545,"-18.118, -3.038, 0.216",1,Material.179,auto_import_name;high_poly_gt_10k;non_applied_scale,decimate_or_replace_for_mobile;rename_semantically;apply_transforms_before_export
node_0.165,Scene Collection,2,15599,9593,3.33 x 2.759 x 1.335,"-17.065, -4.514, 0.276",1,Material.180,auto_import_name;high_poly_gt_10k;non_applied_scale,decimate_or_replace_for_mobile;rename_semantically;apply_transforms_before_export
node_0.166,Scene Collection,2,15599,9593,2.498 x 2.069 x 1.001,"-17.354, -1.765, 0.14",1,Material.181,auto_import_name;high_poly_gt_10k;non_applied_scale,decimate_or_replace_for_mobile;rename_semantically;apply_transforms_before_export
node_0.167,Scene Collection,2,49868,31104,1.013 x 0.612 x 1.04,"-16.24, 1.86, 0.21",1,Material.183,auto_import_name;high_poly_gt_10k,decimate_or_replace_for_mobile;rename_semantically
node_0.168,Scene Collection,2,49868,31104,1.013 x 0.612 x 1.04,"-15.24, -7.14, 0.33",1,Material.184,auto_import_name;high_poly_gt_10k,decimate_or_replace_for_mobile;rename_semantically
node_0.169,Scene Collection,2,49868,31104,1.022 x 0.613 x 1.041,"-8.24, 10.86, 0.33",1,Material.185,auto_import_name;high_poly_gt_10k,decimate_or_replace_for_mobile;rename_semantically
node_0.170,Scene Collection,2,49868,31104,1.013 x 0.612 x 1.04,"-16.24, 4.86, 0.33",1,Material.186,auto_import_name;high_poly_gt_10k;nonzero_rotation_transform,decimate_or_replace_for_mobile;rename_semantically;apply_transforms_before_export
柱体,Collection 5,2,290,384,40.936 x 33.527 x 2.206,"0.056, 0.146, -0.604",5,M_Island_GrassTop;M_Island_SoilSide;M_Island_DarkBottom;None;Material,empty_material_slot;oversized_dimension_gt_20m,fix_material_slots;verify_scene_scale
