material	used_by_mesh	diffuse_r	diffuse_g	diffuse_b	diffuse_a	base_texture	normal_texture	mr_texture	metallic_channel	roughness_channel	metallic_default	roughness_default	alpha_default
M_CatLife_Skybox_Clear_Blue	False	0.16	0.62	1	1						0	0.5	1
M_CatLife_Skybox_Horizon_Blue	False	0.34	0.74	1	1						0	0.5	1
M_CatLife_Skybox_Soft_Cloud	False	1	0.97	0.9	1						0	0.5	1
M_CatLife_Skybox_Top_Blue	False	0.06	0.42	0.94	1						0	0.5	1
M_Island_DarkBottom	True	0.34	0.2	0.1	1						0	0.5	1
M_Island_GrassTop	True	0.64	0.82	0.3	1						0	1	1
M_Island_GrassTop_DeepPatch	True	0.43	0.68	0.22	1						0	0.5	1
M_Island_GrassTop_LightPatch	True	0.74	0.91	0.36	1						0	0.5	1
M_Island_SoilSide	True	0.66	0.36	0.13	1						0	0.5	1
M_Island_SoilSide_WarmEdge	True	0.78	0.47	0.18	1						0	0.5	1
M_LowPoly_Flower_Blue	False	0.26	0.62	0.92	1						0	0.5	1
M_LowPoly_Flower_Pink	False	0.96	0.44	0.56	1						0	0.5	1
M_LowPoly_Flower_Pink_Strong	True	0.98	0.38	0.52	1						0	0.5	1
M_LowPoly_Flower_Visible_Pink	False	0.98	0.38	0.52	1						0	0.5	1
M_LowPoly_Flower_Visible_Yellow	False	1	0.72	0.1	1						0	0.5	1
M_LowPoly_Flower_Yellow	False	0.98	0.75	0.16	1						0	0.5	1
M_LowPoly_Flower_Yellow_Strong	True	1	0.72	0.1	1						0	0.5	1
M_LowPoly_Grass_Visible_Dark	False	0.3	0.62	0.13	1						0	0.5	1
M_LowPoly_Grass_Visible_Lime	False	0.75	0.92	0.26	1						0	0.5	1
M_LowPoly_Grass_Visible_Mid	False	0.52	0.78	0.16	1						0	0.5	1
M_LowPoly_GrassBlade_A	False	0.55	0.78	0.22	1						0	0.5	1
M_LowPoly_GrassBlade_B	False	0.37	0.64	0.18	1						0	0.5	1
M_LowPoly_GrassBlade_C	False	0.74	0.88	0.31	1						0	0.5	1
M_LowPoly_GrassPuff_A	True	0.45	0.72	0.16	1						0	0.5	1
M_LowPoly_GrassPuff_B	True	0.6	0.82	0.2	1						0	0.5	1
M_LowPoly_GrassPuff_C	True	0.76	0.9	0.28	1						0	0.5	1
M_LowPoly_Stone_Light	False	0.76	0.71	0.62	1						0	0.5	1
M_LowPoly_Stone_Tan_A	True	0.63	0.55	0.42	1						0	0.5	1
M_LowPoly_Stone_Tan_B	True	0.78	0.7	0.55	1						0	0.5	1
M_LowPoly_Stone_Visible_Light	False	0.78	0.72	0.6	1						0	0.5	1
M_LowPoly_Stone_Visible_Warm	False	0.64	0.58	0.47	1						0	0.5	1
M_LowPoly_Stone_WarmGray	False	0.62	0.57	0.48	1						0	0.5	1
M_StylePass_Sky_Blue_Backdrop	False	0.2	0.66	1	1						0	0.5	1
M_StylePass_Soft_Cloud_Cards	False	1	0.97	0.9	1						0	0.5	1
Material	True	0.8	0.8	0.8	1						0	0.680000007152557	1
Material.001	True	0.8	0.8	0.8	1	Assets/Art/Town/Textures/Extracted/texture_pbr_20250901.054.png	Assets/Art/Town/Textures/Extracted/texture_pbr_20250901_normal.054.png	Assets/Art/Town/Textures/Extracted/texture_pbr_20250901_metallic-texture_pbr_20250901_roughness.054.png	Blue	Green	0	0.680000007152557	1
Material.007	True	0.8	0.8	0.8	1	Assets/Art/Town/Textures/Extracted/texture_pbr_20250901.060.png	Assets/Art/Town/Textures/Extracted/texture_pbr_20250901_normal.060.png	Assets/Art/Town/Textures/Extracted/texture_pbr_20250901_metallic-texture_pbr_20250901_roughness.060.png	Blue	Green	0	0.680000007152557	1
Material.008	True	0.8	0.8	0.8	1	Assets/Art/Town/Textures/Extracted/texture_pbr_20250901.061.png	Assets/Art/Town/Textures/Extracted/texture_pbr_20250901_normal.061.png	Assets/Art/Town/Textures/Extracted/texture_pbr_20250901_metallic-texture_pbr_20250901_roughness.061.png	Blue	Green	0	0.680000007152557	1
Material.009	True	0.8	0.8	0.8	1	Assets/Art/Town/Textures/Extracted/texture_pbr_20250901.062.png	Assets/Art/Town/Textures/Extracted/texture_pbr_20250901_normal.062.png	Assets/Art/Town/Textures/Extracted/texture_pbr_20250901_metallic-texture_pbr_20250901_roughness.062.png	Blue	Green	0	0.680000007152557	1
Material.011	True	0.8	0.8	0.8	1	Assets/Art/Town/Textures/Extracted/texture_pbr_20250901.064.png	Assets/Art/Town/Textures/Extracted/texture_pbr_20250901_normal.064.png	Assets/Art/Town/Textures/Extracted/texture_pbr_20250901_metallic-texture_pbr_20250901_roughness.064.png	Blue	Green	0	0.680000007152557	1
Material.012	True	0.8	0.8	0.8	1	Assets/Art/Town/Textures/Extracted/texture_pbr_20250901.065.png	Assets/Art/Town/Textures/Extracted/texture_pbr_20250901_normal.065.png	Assets/Art/Town/Textures/Extracted/texture_pbr_20250901_metallic-texture_pbr_20250901_roughness.065.png	Blue	Green	0	0.680000007152557	1
Material.014	True	0.8	0.8	0.8	1	Assets/Art/Town/Textures/Extracted/texture_pbr_20250901.007.png	Assets/Art/Town/Textures/Extracted/texture_pbr_20250901_normal.007.png	Assets/Art/Town/Textures/Extracted/texture_pbr_20250901_metallic-texture_pbr_20250901_roughness.007.png	Blue	Green	0	0.680000007152557	1
Material.016	True	0.8	0.8	0.8	1	Assets/Art/Town/Textures/Extracted/texture_pbr_20250901.035.png	Assets/Art/Town/Textures/Extracted/texture_pbr_20250901_normal.035.png	Assets/Art/Town/Textures/Extracted/texture_pbr_20250901_metallic-texture_pbr_20250901_roughness.035.png	Blue	Green	0	0.680000007152557	1
Material.017	True	0.8	0.8	0.8	1	Assets/Art/Town/Textures/Extracted/texture_pbr_20250901.047.png	Assets/Art/Town/Textures/Extracted/texture_pbr_20250901_normal.047.png	Assets/Art/Town/Textures/Extracted/texture_pbr_20250901_metallic-texture_pbr_20250901_roughness.047.png	Blue	Green	0	0.680000007152557	1
Material.018	True	0.8	0.8	0.8	1	Assets/Art/Town/Textures/Extracted/texture_pbr_20250901.066.png	Assets/Art/Town/Textures/Extracted/texture_pbr_20250901_normal.066.png	Assets/Art/Town/Textures/Extracted/texture_pbr_20250901_metallic-texture_pbr_20250901_roughness.066.png	Blue	Green	0	0.680000007152557	1
Material.019	True	0.8	0.8	0.8	1	Assets/Art/Town/Textures/Extracted/texture_pbr_20250901.067.png	Assets/Art/Town/Textures/Extracted/texture_pbr_20250901_normal.067.png	Assets/Art/Town/Textures/Extracted/texture_pbr_20250901_metallic-texture_pbr_20250901_roughness.067.png	Blue	Green	0	0.680000007152557	1
Material.020	True	0.8	0.8	0.8	1	Assets/Art/Town/Textures/Extracted/texture_pbr_20250901.068.png	Assets/Art/Town/Textures/Extracted/texture_pbr_20250901_normal.068.png	Assets/Art/Town/Textures/Extracted/texture_pbr_20250901_metallic-texture_pbr_20250901_roughness.068.png	Blue	Green	0	0.680000007152557	1
Material.021	True	0.8	0.8	0.8	1	Assets/Art/Town/Textures/Extracted/texture_pbr_20250901.069.png	Assets/Art/Town/Textures/Extracted/texture_pbr_20250901_normal.069.png	Assets/Art/Town/Textures/Extracted/texture_pbr_20250901_metallic-texture_pbr_20250901_roughness.069.png	Blue	Green	0	0.680000007152557	1
Material.022	True	0.8	0.8	0.8	1	Assets/Art/Town/Textures/Extracted/texture_pbr_20250901.070.png	Assets/Art/Town/Textures/Extracted/texture_pbr_20250901_normal.070.png	Assets/Art/Town/Textures/Extracted/texture_pbr_20250901_metallic-texture_pbr_20250901_roughness.070.png	Blue	Green	0	0.680000007152557	1
Material.025	True	0.8	0.8	0.8	1	Assets/Art/Town/Textures/Extracted/texture_pbr_20250901.073.png	Assets/Art/Town/Textures/Extracted/texture_pbr_20250901_normal.073.png	Assets/Art/Town/Textures/Extracted/texture_pbr_20250901_metallic-texture_pbr_20250901_roughness.073.png	Blue	Green	0	0.680000007152557	1
Material.026	True	0.8	0.8	0.8	1	Assets/Art/Town/Textures/Extracted/texture_pbr_20250901.074.png	Assets/Art/Town/Textures/Extracted/texture_pbr_20250901_normal.074.png	Assets/Art/Town/Textures/Extracted/texture_pbr_20250901_metallic-texture_pbr_20250901_roughness.074.png	Blue	Green	0	0.680000007152557	1
Material.027	True	0.8	0.8	0.8	1	Assets/Art/Town/Textures/Extracted/texture_pbr_20250901.075.png	Assets/Art/Town/Textures/Extracted/texture_pbr_20250901_normal.075.png	Assets/Art/Town/Textures/Extracted/texture_pbr_20250901_metallic-texture_pbr_20250901_roughness.075.png	Blue	Green	0	0.680000007152557	1
Material.028	True	0.8	0.8	0.8	1	Assets/Art/Town/Textures/Extracted/texture_pbr_20250901.076.png	Assets/Art/Town/Textures/Extracted/texture_pbr_20250901_normal.076.png	Assets/Art/Town/Textures/Extracted/texture_pbr_20250901_metallic-texture_pbr_20250901_roughness.076.png	Blue	Green	0	0.680000007152557	1
Material.029	True	0.8	0.8	0.8	1	Assets/Art/Town/Textures/Extracted/texture_pbr_20250901.png	Assets/Art/Town/Textures/Extracted/texture_pbr_20250901_normal.png	Assets/Art/Town/Textures/Extracted/texture_pbr_20250901_metallic-texture_pbr_20250901_roughness.png	Blue	Green	0	0.680000007152557	1
Material.030	True	0.8	0.8	0.8	1	Assets/Art/Town/Textures/Extracted/texture_pbr_20250901.077.png	Assets/Art/Town/Textures/Extracted/texture_pbr_20250901_normal.077.png	Assets/Art/Town/Textures/Extracted/texture_pbr_20250901_metallic-texture_pbr_20250901_roughness.077.png	Blue	Green	0	0.680000007152557	1
Material.031	True	0.8	0.8	0.8	1	Assets/Art/Town/Textures/Extracted/texture_pbr_20250901.002.png	Assets/Art/Town/Textures/Extracted/texture_pbr_20250901_normal.002.png	Assets/Art/Town/Textures/Extracted/texture_pbr_20250901_metallic-texture_pbr_20250901_roughness.002.png	Blue	Green	0	0.680000007152557	1
Material.035	True	0.8	0.8	0.8	1	Assets/Art/Town/Textures/Extracted/texture_pbr_20250901.006.png	Assets/Art/Town/Textures/Extracted/texture_pbr_20250901_normal.006.png	Assets/Art/Town/Textures/Extracted/texture_pbr_20250901_metallic-texture_pbr_20250901_roughness.006.png	Blue	Green	0	0.680000007152557	1
Material.036	True	0.8	0.8	0.8	1	Assets/Art/Town/Textures/Extracted/texture_pbr_20250901.078.png	Assets/Art/Town/Textures/Extracted/texture_pbr_20250901_normal.078.png	Assets/Art/Town/Textures/Extracted/texture_pbr_20250901_metallic-texture_pbr_20250901_roughness.078.png	Blue	Green	0	0.680000007152557	1
Material.037	True	0.8	0.8	0.8	1	Assets/Art/Town/Textures/Extracted/texture_pbr_20250901.008.png	Assets/Art/Town/Textures/Extracted/texture_pbr_20250901_normal.008.png	Assets/Art/Town/Textures/Extracted/texture_pbr_20250901_metallic-texture_pbr_20250901_roughness.008.png	Blue	Green	0	0.680000007152557	1
Material.038	True	0.8	0.8	0.8	1	Assets/Art/Town/Textures/Extracted/texture_pbr_20250901.009.png	Assets/Art/Town/Textures/Extracted/texture_pbr_20250901_normal.009.png	Assets/Art/Town/Textures/Extracted/texture_pbr_20250901_metallic-texture_pbr_20250901_roughness.009.png	Blue	Green	0	0.680000007152557	1
Material.039	True	0.8	0.8	0.8	1	Assets/Art/Town/Textures/Extracted/texture_pbr_20250901.010.png	Assets/Art/Town/Textures/Extracted/texture_pbr_20250901_normal.010.png	Assets/Art/Town/Textures/Extracted/texture_pbr_20250901_metallic-texture_pbr_20250901_roughness.010.png	Blue	Green	0	0.680000007152557	1
Material.040	True	0.8	0.8	0.8	1	Assets/Art/Town/Textures/Extracted/texture_pbr_20250901.011.png	Assets/Art/Town/Textures/Extracted/texture_pbr_20250901_normal.011.png	Assets/Art/Town/Textures/Extracted/texture_pbr_20250901_metallic-texture_pbr_20250901_roughness.011.png	Blue	Green	0	0.680000007152557	1
Material.041	True	0.8	0.8	0.8	1	Assets/Art/Town/Textures/Extracted/texture_pbr_20250901.012.png	Assets/Art/Town/Textures/Extracted/texture_pbr_20250901_normal.012.png	Assets/Art/Town/Textures/Extracted/texture_pbr_20250901_metallic-texture_pbr_20250901_roughness.012.png	Blue	Green	0	0.680000007152557	1
Material.042	True	0.8	0.8	0.8	1	Assets/Art/Town/Textures/Extracted/texture_pbr_20250901.013.png	Assets/Art/Town/Textures/Extracted/texture_pbr_20250901_normal.013.png	Assets/Art/Town/Textures/Extracted/texture_pbr_20250901_metallic-texture_pbr_20250901_roughness.013.png	Blue	Green	0	0.680000007152557	1
Material.043	True	0.8	0.8	0.8	1	Assets/Art/Town/Textures/Extracted/texture_pbr_20250901.014.png	Assets/Art/Town/Textures/Extracted/texture_pbr_20250901_normal.014.png	Assets/Art/Town/Textures/Extracted/texture_pbr_20250901_metallic-texture_pbr_20250901_roughness.014.png	Blue	Green	0	0.680000007152557	1
Material.044	True	0.8	0.8	0.8	1	Assets/Art/Town/Textures/Extracted/texture_pbr_20250901.015.png	Assets/Art/Town/Textures/Extracted/texture_pbr_20250901_normal.015.png	Assets/Art/Town/Textures/Extracted/texture_pbr_20250901_metallic-texture_pbr_20250901_roughness.015.png	Blue	Green	0	0.680000007152557	1
Material.045	True	0.8	0.8	0.8	1	Assets/Art/Town/Textures/Extracted/texture_pbr_20250901.016.png	Assets/Art/Town/Textures/Extracted/texture_pbr_20250901_normal.016.png	Assets/Art/Town/Textures/Extracted/texture_pbr_20250901_metallic-texture_pbr_20250901_roughness.016.png	Blue	Green	0	0.680000007152557	1
Material.046	True	0.8	0.8	0.8	1	Assets/Art/Town/Textures/Extracted/texture_pbr_20250901.017.png	Assets/Art/Town/Textures/Extracted/texture_pbr_20250901_normal.017.png	Assets/Art/Town/Textures/Extracted/texture_pbr_20250901_metallic-texture_pbr_20250901_roughness.017.png	Blue	Green	0	0.680000007152557	1
Material.048	True	0.8	0.8	0.8	1	Assets/Art/Town/Textures/Extracted/texture_pbr_20250901.019.png	Assets/Art/Town/Textures/Extracted/texture_pbr_20250901_normal.019.png	Assets/Art/Town/Textures/Extracted/texture_pbr_20250901_metallic-texture_pbr_20250901_roughness.019.png	Blue	Green	0	0.680000007152557	1
Material.049	True	0.8	0.8	0.8	1	Assets/Art/Town/Textures/Extracted/texture_pbr_20250901.020.png	Assets/Art/Town/Textures/Extracted/texture_pbr_20250901_normal.020.png	Assets/Art/Town/Textures/Extracted/texture_pbr_20250901_metallic-texture_pbr_20250901_roughness.020.png	Blue	Green	0	0.680000007152557	1
Material.050	True	0.8	0.8	0.8	1	Assets/Art/Town/Textures/Extracted/texture_pbr_20250901.021.png	Assets/Art/Town/Textures/Extracted/texture_pbr_20250901_normal.021.png	Assets/Art/Town/Textures/Extracted/texture_pbr_20250901_metallic-texture_pbr_20250901_roughness.021.png	Blue	Green	0	0.680000007152557	1
Material.053	True	0.8	0.8	0.8	1	Assets/Art/Town/Textures/Extracted/texture_pbr_20250901.024.png	Assets/Art/Town/Textures/Extracted/texture_pbr_20250901_normal.024.png	Assets/Art/Town/Textures/Extracted/texture_pbr_20250901_metallic-texture_pbr_20250901_roughness.024.png	Blue	Green	0	0.680000007152557	1
Material.054	True	0.8	0.8	0.8	1	Assets/Art/Town/Textures/Extracted/texture_pbr_20250901.025.png	Assets/Art/Town/Textures/Extracted/texture_pbr_20250901_normal.025.png	Assets/Art/Town/Textures/Extracted/texture_pbr_20250901_metallic-texture_pbr_20250901_roughness.025.png	Blue	Green	0	0.680000007152557	1
Material.055	True	0.8	0.8	0.8	1	Assets/Art/Town/Textures/Extracted/texture_pbr_20250901.026.png	Assets/Art/Town/Textures/Extracted/texture_pbr_20250901_normal.026.png	Assets/Art/Town/Textures/Extracted/texture_pbr_20250901_metallic-texture_pbr_20250901_roughness.026.png	Blue	Green	0	0.680000007152557	1
Material.056	True	0.8	0.8	0.8	1	Assets/Art/Town/Textures/Extracted/texture_pbr_20250901.027.png	Assets/Art/Town/Textures/Extracted/texture_pbr_20250901_normal.027.png	Assets/Art/Town/Textures/Extracted/texture_pbr_20250901_metallic-texture_pbr_20250901_roughness.027.png	Blue	Green	0	0.680000007152557	1
Material.057	True	0.8	0.8	0.8	1	Assets/Art/Town/Textures/Extracted/texture_pbr_20250901.079.png	Assets/Art/Town/Textures/Extracted/texture_pbr_20250901_normal.079.png	Assets/Art/Town/Textures/Extracted/texture_pbr_20250901_metallic-texture_pbr_20250901_roughness.079.png	Blue	Green	0	0.680000007152557	1
Material.058	True	0.8	0.8	0.8	1	Assets/Art/Town/Textures/Extracted/texture_pbr_20250901.png.001.png	Assets/Art/Town/Textures/Extracted/texture_pbr_20250901_normal.png.001.png	Assets/Art/Town/Textures/Extracted/texture_pbr_20250901_metallic.png.001.png	Red	Red	0	0.680000007152557	1
Material.059	True	0.8	0.8	0.8	1	Assets/Art/Town/Textures/Extracted/texture_pbr_20250901.029.png	Assets/Art/Town/Textures/Extracted/texture_pbr_20250901_normal.029.png	Assets/Art/Town/Textures/Extracted/texture_pbr_20250901_metallic-texture_pbr_20250901_roughness.029.png	Blue	Green	0	0.680000007152557	1
Material.060	True	0.8	0.8	0.8	1	Assets/Art/Town/Textures/Extracted/texture_pbr_20250901.png.002.png	Assets/Art/Town/Textures/Extracted/texture_pbr_20250901_normal.png.002.png	Assets/Art/Town/Textures/Extracted/texture_pbr_20250901_metallic.png.002.png	Red	Red	0	0.680000007152557	1
Material.061	True	0.8	0.8	0.8	1	Assets/Art/Town/Textures/Extracted/texture_pbr_20250901.030.png	Assets/Art/Town/Textures/Extracted/texture_pbr_20250901_normal.030.png	Assets/Art/Town/Textures/Extracted/texture_pbr_20250901_metallic-texture_pbr_20250901_roughness.030.png	Blue	Green	0	0.680000007152557	1
Material.062	True	0.8	0.8	0.8	1	Assets/Art/Town/Textures/Extracted/texture_pbr_20250901.080.png	Assets/Art/Town/Textures/Extracted/texture_pbr_20250901_normal.080.png	Assets/Art/Town/Textures/Extracted/texture_pbr_20250901_metallic-texture_pbr_20250901_roughness.080.png	Blue	Green	0	0.680000007152557	1
Material.063	True	0.8	0.8	0.8	1	Assets/Art/Town/Textures/Extracted/texture_pbr_20250901.031.png	Assets/Art/Town/Textures/Extracted/texture_pbr_20250901_normal.031.png	Assets/Art/Town/Textures/Extracted/texture_pbr_20250901_metallic-texture_pbr_20250901_roughness.031.png	Blue	Green	0	0.680000007152557	1
Material.065	True	0.8	0.8	0.8	1	Assets/Art/Town/Textures/Extracted/texture_pbr_20250901.032.png	Assets/Art/Town/Textures/Extracted/texture_pbr_20250901_normal.032.png	Assets/Art/Town/Textures/Extracted/texture_pbr_20250901_metallic-texture_pbr_20250901_roughness.032.png	Blue	Green	0	0.680000007152557	1
Material.066	True	0.8	0.8	0.8	1	Assets/Art/Town/Textures/Extracted/texture_pbr_20250901.033.png	Assets/Art/Town/Textures/Extracted/texture_pbr_20250901_normal.033.png	Assets/Art/Town/Textures/Extracted/texture_pbr_20250901_metallic-texture_pbr_20250901_roughness.033.png	Blue	Green	0	0.680000007152557	1
Material.068	True	0.8	0.8	0.8	1	Assets/Art/Town/Textures/Extracted/texture_pbr_20250901.081.png	Assets/Art/Town/Textures/Extracted/texture_pbr_20250901_normal.081.png	Assets/Art/Town/Textures/Extracted/texture_pbr_20250901_metallic-texture_pbr_20250901_roughness.081.png	Blue	Green	0	0.680000007152557	1
Material.069	True	0.8	0.8	0.8	1	Assets/Art/Town/Textures/Extracted/texture_pbr_20250901.036.png	Assets/Art/Town/Textures/Extracted/texture_pbr_20250901_normal.036.png	Assets/Art/Town/Textures/Extracted/texture_pbr_20250901_metallic-texture_pbr_20250901_roughness.036.png	Blue	Green	0	0.680000007152557	1
Material.070	True	0.8	0.8	0.8	1	Assets/Art/Town/Textures/Extracted/texture_pbr_20250901.037.png	Assets/Art/Town/Textures/Extracted/texture_pbr_20250901_normal.037.png	Assets/Art/Town/Textures/Extracted/texture_pbr_20250901_metallic-texture_pbr_20250901_roughness.037.png	Blue	Green	0	0.680000007152557	1
Material.071	True	0.8	0.8	0.8	1	Assets/Art/Town/Textures/Extracted/texture_pbr_20250901.038.png	Assets/Art/Town/Textures/Extracted/texture_pbr_20250901_normal.038.png	Assets/Art/Town/Textures/Extracted/texture_pbr_20250901_metallic-texture_pbr_20250901_roughness.038.png	Blue	Green	0	0.680000007152557	1
Material.072	True	0.8	0.8	0.8	1	Assets/Art/Town/Textures/Extracted/texture_pbr_20250901.039.png	Assets/Art/Town/Textures/Extracted/texture_pbr_20250901_normal.039.png	Assets/Art/Town/Textures/Extracted/texture_pbr_20250901_metallic-texture_pbr_20250901_roughness.039.png	Blue	Green	0	0.680000007152557	1
Material.077	True	0.8	0.8	0.8	1	Assets/Art/Town/Textures/Extracted/texture_pbr_20250901.044.png	Assets/Art/Town/Textures/Extracted/texture_pbr_20250901_normal.044.png	Assets/Art/Town/Textures/Extracted/texture_pbr_20250901_metallic-texture_pbr_20250901_roughness.044.png	Blue	Green	0	0.680000007152557	1
Material.080	True	0.8	0.8	0.8	1	Assets/Art/Town/Textures/Extracted/texture_pbr_20250901.082.png	Assets/Art/Town/Textures/Extracted/texture_pbr_20250901_normal.082.png	Assets/Art/Town/Textures/Extracted/texture_pbr_20250901_metallic-texture_pbr_20250901_roughness.082.png	Blue	Green	0	0.680000007152557	1
Material.082	True	0.8	0.8	0.8	1	Assets/Art/Town/Textures/Extracted/texture_pbr_20250901.049.png	Assets/Art/Town/Textures/Extracted/texture_pbr_20250901_normal.049.png	Assets/Art/Town/Textures/Extracted/texture_pbr_20250901_metallic-texture_pbr_20250901_roughness.049.png	Blue	Green	0	0.680000007152557	1
Material.083	True	0.8	0.8	0.8	1	Assets/Art/Town/Textures/Extracted/texture_pbr_20250901.050.png	Assets/Art/Town/Textures/Extracted/texture_pbr_20250901_normal.050.png	Assets/Art/Town/Textures/Extracted/texture_pbr_20250901_metallic-texture_pbr_20250901_roughness.050.png	Blue	Green	0	0.680000007152557	1
Material.084	True	0.8	0.8	0.8	1	Assets/Art/Town/Textures/Extracted/texture_pbr_20250901.051.png	Assets/Art/Town/Textures/Extracted/texture_pbr_20250901_normal.051.png	Assets/Art/Town/Textures/Extracted/texture_pbr_20250901_metallic-texture_pbr_20250901_roughness.051.png	Blue	Green	0	0.680000007152557	1
Material.085	True	0.8	0.8	0.8	1	Assets/Art/Town/Textures/Extracted/texture_pbr_20250901.083.png	Assets/Art/Town/Textures/Extracted/texture_pbr_20250901_normal.083.png	Assets/Art/Town/Textures/Extracted/texture_pbr_20250901_metallic-texture_pbr_20250901_roughness.083.png	Blue	Green	0	0.680000007152557	1
Material.086	True	0.8	0.8	0.8	1	Assets/Art/Town/Textures/Extracted/texture_pbr_20250901.052.png	Assets/Art/Town/Textures/Extracted/texture_pbr_20250901_normal.052.png	Assets/Art/Town/Textures/Extracted/texture_pbr_20250901_metallic-texture_pbr_20250901_roughness.052.png	Blue	Green	0	0.680000007152557	1
Material.088	True	0.8	0.8	0.8	1	Assets/Art/Town/Textures/Extracted/texture_pbr_20250901.084.png	Assets/Art/Town/Textures/Extracted/texture_pbr_20250901_normal.084.png	Assets/Art/Town/Textures/Extracted/texture_pbr_20250901_metallic-texture_pbr_20250901_roughness.084.png	Blue	Green	0	0.680000007152557	1
Material.089	True	0.8	0.8	0.8	1	Assets/Art/Town/Textures/Extracted/texture_pbr_20250901.085.png	Assets/Art/Town/Textures/Extracted/texture_pbr_20250901_normal.085.png	Assets/Art/Town/Textures/Extracted/texture_pbr_20250901_metallic-texture_pbr_20250901_roughness.085.png	Blue	Green	0	0.680000007152557	1
Material.090	True	0.8	0.8	0.8	1	Assets/Art/Town/Textures/Extracted/texture_pbr_20250901.086.png	Assets/Art/Town/Textures/Extracted/texture_pbr_20250901_normal.086.png	Assets/Art/Town/Textures/Extracted/texture_pbr_20250901_metallic-texture_pbr_20250901_roughness.086.png	Blue	Green	0	0.680000007152557	1
Material.091	True	0.8	0.8	0.8	1	Assets/Art/Town/Textures/Extracted/texture_pbr_20250901.087.png	Assets/Art/Town/Textures/Extracted/texture_pbr_20250901_normal.087.png	Assets/Art/Town/Textures/Extracted/texture_pbr_20250901_metallic-texture_pbr_20250901_roughness.087.png	Blue	Green	0	0.680000007152557	1
Material.092	True	0.8	0.8	0.8	1	Assets/Art/Town/Textures/Extracted/texture_pbr_20250901.088.png	Assets/Art/Town/Textures/Extracted/texture_pbr_20250901_normal.088.png	Assets/Art/Town/Textures/Extracted/texture_pbr_20250901_metallic-texture_pbr_20250901_roughness.088.png	Blue	Green	0	0.680000007152557	1
Material.093	True	0.8	0.8	0.8	1	Assets/Art/Town/Textures/Extracted/texture_pbr_20250901.089.png	Assets/Art/Town/Textures/Extracted/texture_pbr_20250901_normal.089.png	Assets/Art/Town/Textures/Extracted/texture_pbr_20250901_metallic-texture_pbr_20250901_roughness.089.png	Blue	Green	0	0.680000007152557	1
Material.094	True	0.8	0.8	0.8	1	Assets/Art/Town/Textures/Extracted/texture_pbr_20250901.090.png	Assets/Art/Town/Textures/Extracted/texture_pbr_20250901_normal.090.png	Assets/Art/Town/Textures/Extracted/texture_pbr_20250901_metallic-texture_pbr_20250901_roughness.090.png	Blue	Green	0	0.680000007152557	1
Material.095	True	0.8	0.8	0.8	1	Assets/Art/Town/Textures/Extracted/texture_pbr_20250901.091.png	Assets/Art/Town/Textures/Extracted/texture_pbr_20250901_normal.091.png	Assets/Art/Town/Textures/Extracted/texture_pbr_20250901_metallic-texture_pbr_20250901_roughness.091.png	Blue	Green	0	0.680000007152557	1
Material.096	True	0.8	0.8	0.8	1	Assets/Art/Town/Textures/Extracted/texture_pbr_20250901.092.png	Assets/Art/Town/Textures/Extracted/texture_pbr_20250901_normal.092.png	Assets/Art/Town/Textures/Extracted/texture_pbr_20250901_metallic-texture_pbr_20250901_roughness.092.png	Blue	Green	0	0.680000007152557	1
Material.097	True	0.8	0.8	0.8	1	Assets/Art/Town/Textures/Extracted/texture_pbr_20250901.093.png	Assets/Art/Town/Textures/Extracted/texture_pbr_20250901_normal.093.png	Assets/Art/Town/Textures/Extracted/texture_pbr_20250901_metallic-texture_pbr_20250901_roughness.093.png	Blue	Green	0	0.680000007152557	1
Material.098	True	0.8	0.8	0.8	1	Assets/Art/Town/Textures/Extracted/texture_pbr_20250901.094.png	Assets/Art/Town/Textures/Extracted/texture_pbr_20250901_normal.094.png	Assets/Art/Town/Textures/Extracted/texture_pbr_20250901_metallic-texture_pbr_20250901_roughness.094.png	Blue	Green	0	0.680000007152557	1
Material.099	True	0.8	0.8	0.8	1	Assets/Art/Town/Textures/Extracted/texture_pbr_20250901.095.png	Assets/Art/Town/Textures/Extracted/texture_pbr_20250901_normal.095.png	Assets/Art/Town/Textures/Extracted/texture_pbr_20250901_metallic-texture_pbr_20250901_roughness.095.png	Blue	Green	0	0.680000007152557	1
Material.100	True	0.8	0.8	0.8	1	Assets/Art/Town/Textures/Extracted/texture_pbr_20250901.096.png	Assets/Art/Town/Textures/Extracted/texture_pbr_20250901_normal.096.png	Assets/Art/Town/Textures/Extracted/texture_pbr_20250901_metallic-texture_pbr_20250901_roughness.096.png	Blue	Green	0	0.680000007152557	1
Material.101	True	0.8	0.8	0.8	1	Assets/Art/Town/Textures/Extracted/texture_pbr_20250901.097.png	Assets/Art/Town/Textures/Extracted/texture_pbr_20250901_normal.097.png	Assets/Art/Town/Textures/Extracted/texture_pbr_20250901_metallic-texture_pbr_20250901_roughness.097.png	Blue	Green	0	0.680000007152557	1
Material.102	True	0.8	0.8	0.8	1	Assets/Art/Town/Textures/Extracted/texture_pbr_20250901.098.png	Assets/Art/Town/Textures/Extracted/texture_pbr_20250901_normal.098.png	Assets/Art/Town/Textures/Extracted/texture_pbr_20250901_metallic-texture_pbr_20250901_roughness.098.png	Blue	Green	0	0.680000007152557	1
Material.103	True	0.8	0.8	0.8	1	Assets/Art/Town/Textures/Extracted/texture_pbr_20250901.099.png	Assets/Art/Town/Textures/Extracted/texture_pbr_20250901_normal.099.png	Assets/Art/Town/Textures/Extracted/texture_pbr_20250901_metallic-texture_pbr_20250901_roughness.099.png	Blue	Green	0	0.680000007152557	1
Material.104	True	0.8	0.8	0.8	1	Assets/Art/Town/Textures/Extracted/texture_pbr_20250901.100.png	Assets/Art/Town/Textures/Extracted/texture_pbr_20250901_normal.100.png	Assets/Art/Town/Textures/Extracted/texture_pbr_20250901_metallic-texture_pbr_20250901_roughness.100.png	Blue	Green	0	0.680000007152557	1
Material.105	True	0.8	0.8	0.8	1	Assets/Art/Town/Textures/Extracted/texture_pbr_20250901.101.png	Assets/Art/Town/Textures/Extracted/texture_pbr_20250901_normal.101.png	Assets/Art/Town/Textures/Extracted/texture_pbr_20250901_metallic-texture_pbr_20250901_roughness.101.png	Blue	Green	0	0.680000007152557	1
Material.106	True	0.8	0.8	0.8	1	Assets/Art/Town/Textures/Extracted/texture_pbr_20250901.102.png	Assets/Art/Town/Textures/Extracted/texture_pbr_20250901_normal.102.png	Assets/Art/Town/Textures/Extracted/texture_pbr_20250901_metallic-texture_pbr_20250901_roughness.102.png	Blue	Green	0	0.680000007152557	1
Material.108	True	0.8	0.8	0.8	1	Assets/Art/Town/Textures/Extracted/texture_pbr_20250901.104.png	Assets/Art/Town/Textures/Extracted/texture_pbr_20250901_normal.104.png	Assets/Art/Town/Textures/Extracted/texture_pbr_20250901_metallic-texture_pbr_20250901_roughness.104.png	Blue	Green	0	0.680000007152557	1
Material.109	True	0.8	0.8	0.8	1	Assets/Art/Town/Textures/Extracted/texture_pbr_20250901.105.png	Assets/Art/Town/Textures/Extracted/texture_pbr_20250901_normal.105.png	Assets/Art/Town/Textures/Extracted/texture_pbr_20250901_metallic-texture_pbr_20250901_roughness.105.png	Blue	Green	0	0.680000007152557	1
Material.110	True	0.8	0.8	0.8	1	Assets/Art/Town/Textures/Extracted/texture_pbr_20250901.106.png	Assets/Art/Town/Textures/Extracted/texture_pbr_20250901_normal.106.png	Assets/Art/Town/Textures/Extracted/texture_pbr_20250901_metallic-texture_pbr_20250901_roughness.106.png	Blue	Green	0	0.680000007152557	1
Material.111	True	0.8	0.8	0.8	1	Assets/Art/Town/Textures/Extracted/texture_pbr_20250901.107.png	Assets/Art/Town/Textures/Extracted/texture_pbr_20250901_normal.107.png	Assets/Art/Town/Textures/Extracted/texture_pbr_20250901_metallic-texture_pbr_20250901_roughness.107.png	Blue	Green	0	0.680000007152557	1
Material.112	True	0.8	0.8	0.8	1	Assets/Art/Town/Textures/Extracted/texture_pbr_20250901.108.png	Assets/Art/Town/Textures/Extracted/texture_pbr_20250901_normal.108.png	Assets/Art/Town/Textures/Extracted/texture_pbr_20250901_metallic-texture_pbr_20250901_roughness.108.png	Blue	Green	0	0.680000007152557	1
Material.113	True	0.8	0.8	0.8	1	Assets/Art/Town/Textures/Extracted/texture_pbr_20250901.109.png	Assets/Art/Town/Textures/Extracted/texture_pbr_20250901_normal.109.png	Assets/Art/Town/Textures/Extracted/texture_pbr_20250901_metallic-texture_pbr_20250901_roughness.109.png	Blue	Green	0	0.680000007152557	1
Material.116	True	0.8	0.8	0.8	1	Assets/Art/Town/Textures/Extracted/texture_pbr_20250901.112.png	Assets/Art/Town/Textures/Extracted/texture_pbr_20250901_normal.112.png	Assets/Art/Town/Textures/Extracted/texture_pbr_20250901_metallic-texture_pbr_20250901_roughness.112.png	Blue	Green	0	0.680000007152557	1
Material.117	True	0.8	0.8	0.8	1	Assets/Art/Town/Textures/Extracted/texture_pbr_20250901.113.png	Assets/Art/Town/Textures/Extracted/texture_pbr_20250901_normal.113.png	Assets/Art/Town/Textures/Extracted/texture_pbr_20250901_metallic-texture_pbr_20250901_roughness.113.png	Blue	Green	0	0.680000007152557	1
Material.118	True	0.8	0.8	0.8	1	Assets/Art/Town/Textures/Extracted/texture_pbr_20250901.114.png	Assets/Art/Town/Textures/Extracted/texture_pbr_20250901_normal.114.png	Assets/Art/Town/Textures/Extracted/texture_pbr_20250901_metallic-texture_pbr_20250901_roughness.114.png	Blue	Green	0	0.680000007152557	1
Material.119	True	0.8	0.8	0.8	1	Assets/Art/Town/Textures/Extracted/texture_pbr_20250901.115.png	Assets/Art/Town/Textures/Extracted/texture_pbr_20250901_normal.115.png	Assets/Art/Town/Textures/Extracted/texture_pbr_20250901_metallic-texture_pbr_20250901_roughness.115.png	Blue	Green	0	0.680000007152557	1
Material.120	True	0.8	0.8	0.8	1	Assets/Art/Town/Textures/Extracted/texture_pbr_20250901.116.png	Assets/Art/Town/Textures/Extracted/texture_pbr_20250901_normal.116.png	Assets/Art/Town/Textures/Extracted/texture_pbr_20250901_metallic-texture_pbr_20250901_roughness.116.png	Blue	Green	0	0.680000007152557	1
Material.121	True	0.8	0.8	0.8	1	Assets/Art/Town/Textures/Extracted/texture_pbr_20250901.117.png	Assets/Art/Town/Textures/Extracted/texture_pbr_20250901_normal.117.png	Assets/Art/Town/Textures/Extracted/texture_pbr_20250901_metallic-texture_pbr_20250901_roughness.117.png	Blue	Green	0	0.680000007152557	1
Material.122	True	0.8	0.8	0.8	1	Assets/Art/Town/Textures/Extracted/texture_pbr_20250901.118.png	Assets/Art/Town/Textures/Extracted/texture_pbr_20250901_normal.118.png	Assets/Art/Town/Textures/Extracted/texture_pbr_20250901_metallic-texture_pbr_20250901_roughness.118.png	Blue	Green	0	0.680000007152557	1
Material.123	True	0.8	0.8	0.8	1	Assets/Art/Town/Textures/Extracted/texture_pbr_20250901.119.png	Assets/Art/Town/Textures/Extracted/texture_pbr_20250901_normal.119.png	Assets/Art/Town/Textures/Extracted/texture_pbr_20250901_metallic-texture_pbr_20250901_roughness.119.png	Blue	Green	0	0.680000007152557	1
Material.124	True	0.8	0.8	0.8	1	Assets/Art/Town/Textures/Extracted/texture_pbr_20250901.120.png	Assets/Art/Town/Textures/Extracted/texture_pbr_20250901_normal.120.png	Assets/Art/Town/Textures/Extracted/texture_pbr_20250901_metallic-texture_pbr_20250901_roughness.120.png	Blue	Green	0	0.680000007152557	1
Material.125	True	0.8	0.8	0.8	1	Assets/Art/Town/Textures/Extracted/texture_pbr_20250901.121.png	Assets/Art/Town/Textures/Extracted/texture_pbr_20250901_normal.121.png	Assets/Art/Town/Textures/Extracted/texture_pbr_20250901_metallic-texture_pbr_20250901_roughness.121.png	Blue	Green	0	0.680000007152557	1
Material.126	True	0.8	0.8	0.8	1	Assets/Art/Town/Textures/Extracted/texture_pbr_20250901.122.png	Assets/Art/Town/Textures/Extracted/texture_pbr_20250901_normal.122.png	Assets/Art/Town/Textures/Extracted/texture_pbr_20250901_metallic-texture_pbr_20250901_roughness.122.png	Blue	Green	0	0.680000007152557	1
Material.127	True	0.8	0.8	0.8	1	Assets/Art/Town/Textures/Extracted/texture_pbr_20250901.123.png	Assets/Art/Town/Textures/Extracted/texture_pbr_20250901_normal.123.png	Assets/Art/Town/Textures/Extracted/texture_pbr_20250901_metallic-texture_pbr_20250901_roughness.123.png	Blue	Green	0	0.680000007152557	1
Material.128	True	0.8	0.8	0.8	1	Assets/Art/Town/Textures/Extracted/texture_pbr_20250901.124.png	Assets/Art/Town/Textures/Extracted/texture_pbr_20250901_normal.124.png	Assets/Art/Town/Textures/Extracted/texture_pbr_20250901_metallic-texture_pbr_20250901_roughness.124.png	Blue	Green	0	0.680000007152557	1
Material.129	True	0.8	0.8	0.8	1	Assets/Art/Town/Textures/Extracted/texture_pbr_20250901.125.png	Assets/Art/Town/Textures/Extracted/texture_pbr_20250901_normal.125.png	Assets/Art/Town/Textures/Extracted/texture_pbr_20250901_metallic-texture_pbr_20250901_roughness.125.png	Blue	Green	0	0.680000007152557	1
Material.130	True	0.8	0.8	0.8	1	Assets/Art/Town/Textures/Extracted/texture_pbr_20250901.126.png	Assets/Art/Town/Textures/Extracted/texture_pbr_20250901_normal.126.png	Assets/Art/Town/Textures/Extracted/texture_pbr_20250901_metallic-texture_pbr_20250901_roughness.126.png	Blue	Green	0	0.680000007152557	1
Material.131	True	0.8	0.8	0.8	1	Assets/Art/Town/Textures/Extracted/texture_pbr_20250901.127.png	Assets/Art/Town/Textures/Extracted/texture_pbr_20250901_normal.127.png	Assets/Art/Town/Textures/Extracted/texture_pbr_20250901_metallic-texture_pbr_20250901_roughness.127.png	Blue	Green	0	0.680000007152557	1
Material.134	True	0.8	0.8	0.8	1	Assets/Art/Town/Textures/Extracted/texture_pbr_20250901.130.png	Assets/Art/Town/Textures/Extracted/texture_pbr_20250901_normal.130.png	Assets/Art/Town/Textures/Extracted/texture_pbr_20250901_metallic-texture_pbr_20250901_roughness.130.png	Blue	Green	0	0.680000007152557	1
Material.135	True	0.8	0.8	0.8	1	Assets/Art/Town/Textures/Extracted/texture_pbr_20250901.131.png	Assets/Art/Town/Textures/Extracted/texture_pbr_20250901_normal.131.png	Assets/Art/Town/Textures/Extracted/texture_pbr_20250901_metallic-texture_pbr_20250901_roughness.131.png	Blue	Green	0	0.680000007152557	1
Material.136	True	0.8	0.8	0.8	1	Assets/Art/Town/Textures/Extracted/texture_pbr_20250901.132.png	Assets/Art/Town/Textures/Extracted/texture_pbr_20250901_normal.132.png	Assets/Art/Town/Textures/Extracted/texture_pbr_20250901_metallic-texture_pbr_20250901_roughness.132.png	Blue	Green	0	0.680000007152557	1
Material.137	True	0.8	0.8	0.8	1	Assets/Art/Town/Textures/Extracted/texture_pbr_20250901.133.png	Assets/Art/Town/Textures/Extracted/texture_pbr_20250901_normal.133.png	Assets/Art/Town/Textures/Extracted/texture_pbr_20250901_metallic-texture_pbr_20250901_roughness.133.png	Blue	Green	0	0.680000007152557	1
Material.138	True	0.8	0.8	0.8	1	Assets/Art/Town/Textures/Extracted/texture_pbr_20250901.134.png	Assets/Art/Town/Textures/Extracted/texture_pbr_20250901_normal.134.png	Assets/Art/Town/Textures/Extracted/texture_pbr_20250901_metallic-texture_pbr_20250901_roughness.134.png	Blue	Green	0	0.680000007152557	1
Material.139	True	0.8	0.8	0.8	1	Assets/Art/Town/Textures/Extracted/texture_pbr_20250901.135.png	Assets/Art/Town/Textures/Extracted/texture_pbr_20250901_normal.135.png	Assets/Art/Town/Textures/Extracted/texture_pbr_20250901_metallic-texture_pbr_20250901_roughness.135.png	Blue	Green	0	0.680000007152557	1
Material.140	True	0.8	0.8	0.8	1	Assets/Art/Town/Textures/Extracted/texture_pbr_20250901.136.png	Assets/Art/Town/Textures/Extracted/texture_pbr_20250901_normal.136.png	Assets/Art/Town/Textures/Extracted/texture_pbr_20250901_metallic-texture_pbr_20250901_roughness.136.png	Blue	Green	0	0.680000007152557	1
Material.142	True	0.8	0.8	0.8	1	Assets/Art/Town/Textures/Extracted/texture_pbr_20250901.138.png	Assets/Art/Town/Textures/Extracted/texture_pbr_20250901_normal.138.png	Assets/Art/Town/Textures/Extracted/texture_pbr_20250901_metallic-texture_pbr_20250901_roughness.138.png	Blue	Green	0	0.680000007152557	1
Material.143	True	0.8	0.8	0.8	1	Assets/Art/Town/Textures/Extracted/texture_pbr_20250901.139.png	Assets/Art/Town/Textures/Extracted/texture_pbr_20250901_normal.139.png	Assets/Art/Town/Textures/Extracted/texture_pbr_20250901_metallic-texture_pbr_20250901_roughness.139.png	Blue	Green	0	0.680000007152557	1
Material.144	True	0.8	0.8	0.8	1	Assets/Art/Town/Textures/Extracted/texture_pbr_20250901.140.png	Assets/Art/Town/Textures/Extracted/texture_pbr_20250901_normal.140.png	Assets/Art/Town/Textures/Extracted/texture_pbr_20250901_metallic-texture_pbr_20250901_roughness.140.png	Blue	Green	0	0.680000007152557	1
Material.145	True	0.8	0.8	0.8	1	Assets/Art/Town/Textures/Extracted/texture_pbr_20250901.141.png	Assets/Art/Town/Textures/Extracted/texture_pbr_20250901_normal.141.png	Assets/Art/Town/Textures/Extracted/texture_pbr_20250901_metallic-texture_pbr_20250901_roughness.141.png	Blue	Green	0	0.680000007152557	1
Material.146	True	0.8	0.8	0.8	1	Assets/Art/Town/Textures/Extracted/texture_pbr_20250901.142.png	Assets/Art/Town/Textures/Extracted/texture_pbr_20250901_normal.142.png	Assets/Art/Town/Textures/Extracted/texture_pbr_20250901_metallic-texture_pbr_20250901_roughness.142.png	Blue	Green	0	0.680000007152557	1
Material.147	True	0.8	0.8	0.8	1	Assets/Art/Town/Textures/Extracted/texture_pbr_20250901.143.png	Assets/Art/Town/Textures/Extracted/texture_pbr_20250901_normal.143.png	Assets/Art/Town/Textures/Extracted/texture_pbr_20250901_metallic-texture_pbr_20250901_roughness.143.png	Blue	Green	0	0.680000007152557	1
Material.148	True	0.8	0.8	0.8	1	Assets/Art/Town/Textures/Extracted/texture_pbr_20250901.144.png	Assets/Art/Town/Textures/Extracted/texture_pbr_20250901_normal.144.png	Assets/Art/Town/Textures/Extracted/texture_pbr_20250901_metallic-texture_pbr_20250901_roughness.144.png	Blue	Green	0	0.680000007152557	1
Material.149	True	0.8	0.8	0.8	1	Assets/Art/Town/Textures/Extracted/texture_pbr_20250901.145.png	Assets/Art/Town/Textures/Extracted/texture_pbr_20250901_normal.145.png	Assets/Art/Town/Textures/Extracted/texture_pbr_20250901_metallic-texture_pbr_20250901_roughness.145.png	Blue	Green	0	0.680000007152557	1
Material.150	True	0.8	0.8	0.8	1	Assets/Art/Town/Textures/Extracted/texture_pbr_20250901.146.png	Assets/Art/Town/Textures/Extracted/texture_pbr_20250901_normal.146.png	Assets/Art/Town/Textures/Extracted/texture_pbr_20250901_metallic-texture_pbr_20250901_roughness.146.png	Blue	Green	0	0.680000007152557	1
Material.151	True	0.8	0.8	0.8	1	Assets/Art/Town/Textures/Extracted/texture_pbr_20250901.147.png	Assets/Art/Town/Textures/Extracted/texture_pbr_20250901_normal.147.png	Assets/Art/Town/Textures/Extracted/texture_pbr_20250901_metallic-texture_pbr_20250901_roughness.147.png	Blue	Green	0	0.680000007152557	1
Material.152	True	0.8	0.8	0.8	1	Assets/Art/Town/Textures/Extracted/texture_pbr_20250901.148.png	Assets/Art/Town/Textures/Extracted/texture_pbr_20250901_normal.148.png	Assets/Art/Town/Textures/Extracted/texture_pbr_20250901_metallic-texture_pbr_20250901_roughness.148.png	Blue	Green	0	0.680000007152557	1
Material.153	True	0.8	0.8	0.8	1	Assets/Art/Town/Textures/Extracted/texture_pbr_20250901.149.png	Assets/Art/Town/Textures/Extracted/texture_pbr_20250901_normal.149.png	Assets/Art/Town/Textures/Extracted/texture_pbr_20250901_metallic-texture_pbr_20250901_roughness.149.png	Blue	Green	0	0.680000007152557	1
Material.154	True	0.8	0.8	0.8	1	Assets/Art/Town/Textures/Extracted/texture_pbr_20250901.150.png	Assets/Art/Town/Textures/Extracted/texture_pbr_20250901_normal.150.png	Assets/Art/Town/Textures/Extracted/texture_pbr_20250901_metallic-texture_pbr_20250901_roughness.150.png	Blue	Green	0	0.680000007152557	1
Material.155	True	0.8	0.8	0.8	1	Assets/Art/Town/Textures/Extracted/texture_pbr_20250901.151.png	Assets/Art/Town/Textures/Extracted/texture_pbr_20250901_normal.151.png	Assets/Art/Town/Textures/Extracted/texture_pbr_20250901_metallic-texture_pbr_20250901_roughness.151.png	Blue	Green	0	0.680000007152557	1
Material.156	True	0.8	0.8	0.8	1	Assets/Art/Town/Textures/Extracted/texture_pbr_20250901.152.png	Assets/Art/Town/Textures/Extracted/texture_pbr_20250901_normal.152.png	Assets/Art/Town/Textures/Extracted/texture_pbr_20250901_metallic-texture_pbr_20250901_roughness.152.png	Blue	Green	0	0.680000007152557	1
Material.157	True	0.8	0.8	0.8	1	Assets/Art/Town/Textures/Extracted/texture_pbr_20250901.153.png	Assets/Art/Town/Textures/Extracted/texture_pbr_20250901_normal.153.png	Assets/Art/Town/Textures/Extracted/texture_pbr_20250901_metallic-texture_pbr_20250901_roughness.153.png	Blue	Green	0	0.680000007152557	1
Material.158	True	0.8	0.8	0.8	1	Assets/Art/Town/Textures/Extracted/texture_pbr_20250901.154.png	Assets/Art/Town/Textures/Extracted/texture_pbr_20250901_normal.154.png	Assets/Art/Town/Textures/Extracted/texture_pbr_20250901_metallic-texture_pbr_20250901_roughness.154.png	Blue	Green	0	0.680000007152557	1
Material.159	True	0.8	0.8	0.8	1	Assets/Art/Town/Textures/Extracted/texture_pbr_20250901.155.png	Assets/Art/Town/Textures/Extracted/texture_pbr_20250901_normal.155.png	Assets/Art/Town/Textures/Extracted/texture_pbr_20250901_metallic-texture_pbr_20250901_roughness.155.png	Blue	Green	0	0.680000007152557	1
Material.160	True	0.8	0.8	0.8	1	Assets/Art/Town/Textures/Extracted/texture_pbr_20250901.156.png	Assets/Art/Town/Textures/Extracted/texture_pbr_20250901_normal.156.png	Assets/Art/Town/Textures/Extracted/texture_pbr_20250901_metallic-texture_pbr_20250901_roughness.156.png	Blue	Green	0	0.680000007152557	1
Material.161	True	0.8	0.8	0.8	1	Assets/Art/Town/Textures/Extracted/texture_pbr_20250901.157.png	Assets/Art/Town/Textures/Extracted/texture_pbr_20250901_normal.157.png	Assets/Art/Town/Textures/Extracted/texture_pbr_20250901_metallic-texture_pbr_20250901_roughness.157.png	Blue	Green	0	0.680000007152557	1
Material.162	True	0.8	0.8	0.8	1	Assets/Art/Town/Textures/Extracted/texture_pbr_20250901.158.png	Assets/Art/Town/Textures/Extracted/texture_pbr_20250901_normal.158.png	Assets/Art/Town/Textures/Extracted/texture_pbr_20250901_metallic-texture_pbr_20250901_roughness.158.png	Blue	Green	0	0.680000007152557	1
Material.163	True	0.8	0.8	0.8	1	Assets/Art/Town/Textures/Extracted/texture_pbr_20250901.159.png	Assets/Art/Town/Textures/Extracted/texture_pbr_20250901_normal.159.png	Assets/Art/Town/Textures/Extracted/texture_pbr_20250901_metallic-texture_pbr_20250901_roughness.159.png	Blue	Green	0	0.680000007152557	1
Material.164	True	0.8	0.8	0.8	1	Assets/Art/Town/Textures/Extracted/texture_pbr_20250901.160.png	Assets/Art/Town/Textures/Extracted/texture_pbr_20250901_normal.160.png	Assets/Art/Town/Textures/Extracted/texture_pbr_20250901_metallic-texture_pbr_20250901_roughness.160.png	Blue	Green	0	0.680000007152557	1
Material.165	True	0.8	0.8	0.8	1	Assets/Art/Town/Textures/Extracted/texture_pbr_20250901.161.png	Assets/Art/Town/Textures/Extracted/texture_pbr_20250901_normal.161.png	Assets/Art/Town/Textures/Extracted/texture_pbr_20250901_metallic-texture_pbr_20250901_roughness.161.png	Blue	Green	0	0.680000007152557	1
Material.166	True	0.8	0.8	0.8	1	Assets/Art/Town/Textures/Extracted/texture_pbr_20250901.162.png	Assets/Art/Town/Textures/Extracted/texture_pbr_20250901_normal.162.png	Assets/Art/Town/Textures/Extracted/texture_pbr_20250901_metallic-texture_pbr_20250901_roughness.162.png	Blue	Green	0	0.680000007152557	1
Material.167	True	0.8	0.8	0.8	1	Assets/Art/Town/Textures/Extracted/texture_pbr_20250901.163.png	Assets/Art/Town/Textures/Extracted/texture_pbr_20250901_normal.163.png	Assets/Art/Town/Textures/Extracted/texture_pbr_20250901_metallic-texture_pbr_20250901_roughness.163.png	Blue	Green	0	0.680000007152557	1
Material.168	True	0.8	0.8	0.8	1	Assets/Art/Town/Textures/Extracted/texture_pbr_20250901.164.png	Assets/Art/Town/Textures/Extracted/texture_pbr_20250901_normal.164.png	Assets/Art/Town/Textures/Extracted/texture_pbr_20250901_metallic-texture_pbr_20250901_roughness.164.png	Blue	Green	0	0.680000007152557	1
Material.169	True	0.8	0.8	0.8	1	Assets/Art/Town/Textures/Extracted/texture_pbr_20250901.165.png	Assets/Art/Town/Textures/Extracted/texture_pbr_20250901_normal.165.png	Assets/Art/Town/Textures/Extracted/texture_pbr_20250901_metallic-texture_pbr_20250901_roughness.165.png	Blue	Green	0	0.680000007152557	1
Material.170	True	0.8	0.8	0.8	1	Assets/Art/Town/Textures/Extracted/texture_pbr_20250901.166.png	Assets/Art/Town/Textures/Extracted/texture_pbr_20250901_normal.166.png	Assets/Art/Town/Textures/Extracted/texture_pbr_20250901_metallic-texture_pbr_20250901_roughness.166.png	Blue	Green	0	0.680000007152557	1
Material.171	True	0.8	0.8	0.8	1	Assets/Art/Town/Textures/Extracted/texture_pbr_20250901.167.png	Assets/Art/Town/Textures/Extracted/texture_pbr_20250901_normal.167.png	Assets/Art/Town/Textures/Extracted/texture_pbr_20250901_metallic-texture_pbr_20250901_roughness.167.png	Blue	Green	0	0.680000007152557	1
Material.172	True	0.8	0.8	0.8	1	Assets/Art/Town/Textures/Extracted/texture_pbr_20250901.168.png	Assets/Art/Town/Textures/Extracted/texture_pbr_20250901_normal.168.png	Assets/Art/Town/Textures/Extracted/texture_pbr_20250901_metallic-texture_pbr_20250901_roughness.168.png	Blue	Green	0	0.680000007152557	1
Material.173	True	0.8	0.8	0.8	1	Assets/Art/Town/Textures/Extracted/texture_pbr_20250901.169.png	Assets/Art/Town/Textures/Extracted/texture_pbr_20250901_normal.169.png	Assets/Art/Town/Textures/Extracted/texture_pbr_20250901_metallic-texture_pbr_20250901_roughness.169.png	Blue	Green	0	0.680000007152557	1
Material.174	True	0.8	0.8	0.8	1	Assets/Art/Town/Textures/Extracted/texture_pbr_20250901.170.png	Assets/Art/Town/Textures/Extracted/texture_pbr_20250901_normal.170.png	Assets/Art/Town/Textures/Extracted/texture_pbr_20250901_metallic-texture_pbr_20250901_roughness.170.png	Blue	Green	0	0.680000007152557	1
Material.175	True	0.8	0.8	0.8	1	Assets/Art/Town/Textures/Extracted/texture_pbr_20250901.171.png	Assets/Art/Town/Textures/Extracted/texture_pbr_20250901_normal.171.png	Assets/Art/Town/Textures/Extracted/texture_pbr_20250901_metallic-texture_pbr_20250901_roughness.171.png	Blue	Green	0	0.680000007152557	1
Material.176	True	0.8	0.8	0.8	1	Assets/Art/Town/Textures/Extracted/texture_pbr_20250901.172.png	Assets/Art/Town/Textures/Extracted/texture_pbr_20250901_normal.172.png	Assets/Art/Town/Textures/Extracted/texture_pbr_20250901_metallic-texture_pbr_20250901_roughness.172.png	Blue	Green	0	0.680000007152557	1
Material.177	True	0.8	0.8	0.8	1	Assets/Art/Town/Textures/Extracted/texture_pbr_20250901.173.png	Assets/Art/Town/Textures/Extracted/texture_pbr_20250901_normal.173.png	Assets/Art/Town/Textures/Extracted/texture_pbr_20250901_metallic-texture_pbr_20250901_roughness.173.png	Blue	Green	0	0.680000007152557	1
Material.178	True	0.8	0.8	0.8	1	Assets/Art/Town/Textures/Extracted/texture_pbr_20250901.174.png	Assets/Art/Town/Textures/Extracted/texture_pbr_20250901_normal.174.png	Assets/Art/Town/Textures/Extracted/texture_pbr_20250901_metallic-texture_pbr_20250901_roughness.174.png	Blue	Green	0	0.680000007152557	1
Material.179	True	0.8	0.8	0.8	1	Assets/Art/Town/Textures/Extracted/texture_pbr_20250901.175.png	Assets/Art/Town/Textures/Extracted/texture_pbr_20250901_normal.175.png	Assets/Art/Town/Textures/Extracted/texture_pbr_20250901_metallic-texture_pbr_20250901_roughness.175.png	Blue	Green	0	0.680000007152557	1
Material.180	True	0.8	0.8	0.8	1	Assets/Art/Town/Textures/Extracted/texture_pbr_20250901.176.png	Assets/Art/Town/Textures/Extracted/texture_pbr_20250901_normal.176.png	Assets/Art/Town/Textures/Extracted/texture_pbr_20250901_metallic-texture_pbr_20250901_roughness.176.png	Blue	Green	0	0.680000007152557	1
Material.181	True	0.8	0.8	0.8	1	Assets/Art/Town/Textures/Extracted/texture_pbr_20250901.177.png	Assets/Art/Town/Textures/Extracted/texture_pbr_20250901_normal.177.png	Assets/Art/Town/Textures/Extracted/texture_pbr_20250901_metallic-texture_pbr_20250901_roughness.177.png	Blue	Green	0	0.680000007152557	1
Material.182	True	0.8	0.8	0.8	1	Assets/Art/Town/Textures/Extracted/texture_pbr_20250901.178.png	Assets/Art/Town/Textures/Extracted/texture_pbr_20250901_normal.178.png	Assets/Art/Town/Textures/Extracted/texture_pbr_20250901_metallic-texture_pbr_20250901_roughness.178.png	Blue	Green	0	0.680000007152557	1
Material.183	True	0.8	0.8	0.8	1	Assets/Art/Town/Textures/Extracted/texture_pbr_20250901.179.png	Assets/Art/Town/Textures/Extracted/texture_pbr_20250901_normal.179.png	Assets/Art/Town/Textures/Extracted/texture_pbr_20250901_metallic-texture_pbr_20250901_roughness.179.png	Blue	Green	0	0.5	1
Material.184	True	0.8	0.8	0.8	1	Assets/Art/Town/Textures/Extracted/texture_pbr_20250901.180.png	Assets/Art/Town/Textures/Extracted/texture_pbr_20250901_normal.180.png	Assets/Art/Town/Textures/Extracted/texture_pbr_20250901_metallic-texture_pbr_20250901_roughness.180.png	Blue	Green	0	0.5	1
Material.185	True	0.8	0.8	0.8	1	Assets/Art/Town/Textures/Extracted/texture_pbr_20250901.181.png	Assets/Art/Town/Textures/Extracted/texture_pbr_20250901_normal.181.png	Assets/Art/Town/Textures/Extracted/texture_pbr_20250901_metallic-texture_pbr_20250901_roughness.181.png	Blue	Green	0	0.5	1
Material.186	True	0.8	0.8	0.8	1	Assets/Art/Town/Textures/Extracted/texture_pbr_20250901.182.png	Assets/Art/Town/Textures/Extracted/texture_pbr_20250901_normal.182.png	Assets/Art/Town/Textures/Extracted/texture_pbr_20250901_metallic-texture_pbr_20250901_roughness.182.png	Blue	Green	0	0.5	1
